{
    "0.0": {
        "RaR-alpha-0": [
            [
                21.6995551,
                19.9060513,
                20.383795799999987,
                18.540454600000004,
                18.279050899999987
            ]
        ],
        "RaR-alpha-0.1": [
            [
                21.3245461,
                19.44737359999999,
                20.134409800000014,
                18.129887999999994,
                18.995972600000016
            ]
        ],
        "RaR-alpha-0.2": [
            [
                19.9321209,
                20.7228068,
                19.50086060000001,
                18.12861239999998,
                17.60154970000002
            ]
        ]
    },
    "0.1": {
        "RaR-alpha-0": [
            [
                17.15568730000001,
                15.227784499999984,
                15.518634600000041,
                15.501545299999975,
                15.861518899999965
            ]
        ],
        "RaR-alpha-0.1": [
            [
                16.60842489999999,
                15.880928200000028,
                15.697529900000006,
                15.693811600000004,
                15.200525900000002
            ]
        ],
        "RaR-alpha-0.2": [
            [
                16.06785480000002,
                14.930869700000017,
                14.880771699999968,
                14.47412220000001,
                15.972562599999947
            ]
        ]
    },
    "0.2": {
        "RaR-alpha-0": [
            [
                14.461553399999957,
                13.816362600000048,
                12.510496399999965,
                12.42432139999994,
                12.685666500000025
            ]
        ],
        "RaR-alpha-0.1": [
            [
                14.073002200000019,
                15.021581600000104,
                12.820422800000074,
                12.28145649999999,
                13.010894199999939
            ]
        ],
        "RaR-alpha-0.2": [
            [
                14.380308799999966,
                13.454828300000031,
                12.384397499999977,
                12.514737800000034,
                12.198707899999931
            ]
        ]
    },
    "0.3": {
        "RaR-alpha-0": [
            [
                11.418547800000056,
                11.716094699999985,
                11.556112199999916,
                11.938372299999969,
                11.878739200000041
            ]
        ],
        "RaR-alpha-0.1": [
            [
                11.62587719999999,
                11.648413300000016,
                11.56481389999999,
                11.818948500000033,
                11.998901100000012
            ]
        ],
        "RaR-alpha-0.2": [
            [
                11.776317500000005,
                11.89511129999994,
                11.49367970000003,
                11.648501199999941,
                11.928038300000026
            ]
        ]
    },
    "0.4": {
        "RaR-alpha-0": [
            [
                10.679575600000021,
                10.550130200000012,
                11.093181799999911,
                11.57187549999992,
                11.130262200000061
            ]
        ],
        "RaR-alpha-0.1": [
            [
                11.186087999999927,
                11.175598499999978,
                11.037936400000035,
                10.839156499999945,
                10.743947100000014
            ]
        ],
        "RaR-alpha-0.2": [
            [
                10.744991800000093,
                10.989922500000034,
                10.780847999999992,
                10.27352640000015,
                11.277886399999943
            ]
        ]
    },
    "0.5": {
        "RaR-alpha-0": [
            [
                10.568372499999896,
                10.359679200000073,
                10.198324099999809,
                10.539205599999832,
                10.386380900000177
            ]
        ],
        "RaR-alpha-0.1": [
            [
                10.427775300000121,
                10.286739299999908,
                10.341049800000064,
                10.57825129999992,
                10.48973419999993
            ]
        ],
        "RaR-alpha-0.2": [
            [
                11.16029350000008,
                10.37370390000001,
                10.797415600000022,
                10.127317100000027,
                10.036186600000065
            ]
        ]
    },
    "0.6": {
        "RaR-alpha-0": [
            [
                10.124127400000134,
                9.7157622000002,
                9.873749100000168,
                10.328466299999945,
                9.71836159999998
            ]
        ],
        "RaR-alpha-0.1": [
            [
                10.50847879999992,
                9.745471800000132,
                10.033056699999861,
                9.95834949999994,
                9.494704200000115
            ]
        ],
        "RaR-alpha-0.2": [
            [
                10.144362699999874,
                10.53420959999994,
                9.836728200000152,
                9.944411200000104,
                9.922395800000004
            ]
        ]
    },
    "0.7": {
        "RaR-alpha-0": [
            [
                10.058554699999831,
                9.95780690000015,
                9.89812209999991,
                10.07149400000003,
                9.656222099999923
            ]
        ],
        "RaR-alpha-0.1": [
            [
                9.96998910000002,
                9.927135299999918,
                9.811549799999966,
                10.05865619999986,
                10.013950600000044
            ]
        ],
        "RaR-alpha-0.2": [
            [
                10.003322399999888,
                9.996067799999992,
                9.906543499999998,
                10.111794299999929,
                10.010238900000104
            ]
        ]
    },
    "0.8": {
        "RaR-alpha-0": [
            [
                10.489024999999856,
                10.116540900000018,
                10.11145579999993,
                10.134378699999843,
                10.13126810000017
            ]
        ],
        "RaR-alpha-0.1": [
            [
                10.469752900000003,
                10.447027600000183,
                10.12259280000012,
                10.16582829999993,
                9.884000300000025
            ]
        ],
        "RaR-alpha-0.2": [
            [
                10.319818899999973,
                10.465604500000154,
                10.326712600000064,
                9.907687799999849,
                9.889739100000043
            ]
        ]
    }
}