{
    "0.0": {
        "RaR-distance": [
            [
                5.6364314,
                4.0089516,
                4.556937399999999,
                4.100887199999995,
                3.8540337999999963
            ]
        ],
        "RaR-radius": [
            [
                4.3578804,
                4.311383799999998,
                4.262762900000002,
                4.151188699999999,
                3.9695435000000003
            ]
        ],
        "SOFT + RaR": [
            [
                1.3496348999999999,
                1.2881815000000003,
                1.3685428000000002,
                1.3031267,
                1.3586361999999994
            ]
        ],
        "KNN + RaR": [
            [
                1.296114300000001,
                1.3676785999999979,
                1.5062511,
                1.4986131,
                1.3539742000000032
            ]
        ]
    },
    "0.1": {
        "RaR-distance": [
            [
                4.2040779000000015,
                3.8262597000000085,
                3.821347799999998,
                4.1550467,
                4.281411900000009
            ]
        ],
        "RaR-radius": [
            [
                4.839792199999991,
                4.566081199999999,
                4.360322800000006,
                4.618414700000002,
                4.402387500000003
            ]
        ],
        "SOFT + RaR": [
            [
                1.3166983999999928,
                1.4735426000000018,
                1.3429311999999953,
                1.4143827000000044,
                1.426518299999998
            ]
        ],
        "KNN + RaR": [
            [
                1.4196760000000097,
                1.3110884999999968,
                1.3081008999999995,
                1.3830929000000083,
                1.4093443000000008
            ]
        ]
    },
    "0.2": {
        "RaR-distance": [
            [
                4.121520199999992,
                4.056751300000016,
                3.7390187000000026,
                4.238362099999989,
                4.545334200000013
            ]
        ],
        "RaR-radius": [
            [
                4.337081999999995,
                4.585525200000006,
                4.69311669999999,
                4.745924699999989,
                4.6794015000000115
            ]
        ],
        "SOFT + RaR": [
            [
                1.3378193000000067,
                1.3422105000000215,
                1.3693375000000003,
                1.9181858999999974,
                1.529836099999983
            ]
        ],
        "KNN + RaR": [
            [
                1.301943300000005,
                1.3344240999999784,
                1.3541085999999893,
                1.7884746999999948,
                1.4398377999999923
            ]
        ]
    },
    "0.3": {
        "RaR-distance": [
            [
                4.4076618,
                4.657215600000001,
                5.700116300000019,
                4.18330739999999,
                3.731026600000007
            ]
        ],
        "RaR-radius": [
            [
                4.968691000000007,
                5.529286800000023,
                11.494063600000004,
                4.762849399999993,
                4.210803900000002
            ]
        ],
        "SOFT + RaR": [
            [
                1.8878394000000185,
                2.0675878000000125,
                3.570622600000007,
                1.4363967000000173,
                1.2627907000000107
            ]
        ],
        "KNN + RaR": [
            [
                1.613471000000004,
                1.6788258999999925,
                1.6914436999999793,
                1.3631811999999854,
                1.4548374000000024
            ]
        ]
    },
    "0.4": {
        "RaR-distance": [
            [
                3.8594070999999985,
                3.9274593000000095,
                3.9367727999999715,
                3.3911750000000325,
                4.175343499999997
            ]
        ],
        "RaR-radius": [
            [
                4.284787899999998,
                4.673115300000006,
                4.083175800000049,
                3.9194722000000297,
                3.8851338000000055
            ]
        ],
        "SOFT + RaR": [
            [
                1.6522152000000006,
                1.5000323999999523,
                1.427281999999991,
                1.4555091999999945,
                1.4343238000000156
            ]
        ],
        "KNN + RaR": [
            [
                1.4828101000000231,
                1.4709737000000018,
                1.3243657999999527,
                1.2199657999999545,
                1.3865064000000302
            ]
        ]
    },
    "0.5": {
        "RaR-distance": [
            [
                3.8561770000000024,
                3.722396299999957,
                3.9892586999999935,
                3.589003699999978,
                4.012905799999999
            ]
        ],
        "RaR-radius": [
            [
                4.016768799999966,
                3.9534975999999915,
                4.4161298000000215,
                4.335791900000004,
                4.39324160000001
            ]
        ],
        "SOFT + RaR": [
            [
                1.5736511000000064,
                1.735854800000027,
                1.6923874000000296,
                1.6855628999999794,
                1.57011829999999
            ]
        ],
        "KNN + RaR": [
            [
                1.2904848000000015,
                1.5353786000000014,
                1.5743489000000181,
                1.591481999999985,
                1.4723548999999707
            ]
        ]
    },
    "0.6": {
        "RaR-distance": [
            [
                4.148791899999992,
                4.5049262,
                3.7554903000000195,
                3.4870943999999895,
                5.2612153000000035
            ]
        ],
        "RaR-radius": [
            [
                4.2316736999999875,
                4.270684300000028,
                3.3942595000000324,
                3.4945809999999824,
                4.531213699999967
            ]
        ],
        "SOFT + RaR": [
            [
                1.5260390000000257,
                1.4692618999999922,
                1.6977261000000112,
                1.588901700000008,
                1.4937815000000114
            ]
        ],
        "KNN + RaR": [
            [
                1.4335136999999918,
                1.4588211000000229,
                1.4362408000000073,
                1.4536274000000162,
                1.3855331999999976
            ]
        ]
    },
    "0.7": {
        "RaR-distance": [
            [
                3.070695599999965,
                3.340524300000027,
                3.059755300000006,
                2.92433010000002,
                3.6106853999999657
            ]
        ],
        "RaR-radius": [
            [
                3.0587588999999866,
                3.032160000000033,
                3.044826700000044,
                2.830508899999984,
                3.1259225000000015
            ]
        ],
        "SOFT + RaR": [
            [
                1.3453150999999934,
                1.3540530000000217,
                1.4558566000000042,
                1.2971752000000265,
                1.3911742999999888
            ]
        ],
        "KNN + RaR": [
            [
                1.291578099999981,
                1.3652867000000128,
                1.4532892999999945,
                1.538259299999993,
                1.3123949000000152
            ]
        ]
    },