{
    "0.0": {
        "RaR-alpha-0": [
            [
                2.6246866,
                2.6519296,
                2.120757499999998,
                2.147009299999997,
                2.171693600000001
            ]
        ],
        "RaR-alpha-0.1": [
            [
                2.3532502,
                2.136113,
                2.2291950000000007,
                2.1953989999999983,
                2.206326100000002
            ]
        ],
        "RaR-alpha-0.2": [
            [
                2.5174841,
                2.2132907,
                2.2726583,
                2.1480610999999996,
                2.100684400000006
            ]
        ]
    },
    "0.1": {
        "RaR-alpha-0": [
            [
                2.3505487000000045,
                2.274476800000002,
                2.715617199999997,
                2.2342662999999945,
                2.2905523000000017
            ]
        ],
        "RaR-alpha-0.1": [
            [
                2.4836097000000024,
                2.2426652999999988,
                2.5206652000000034,
                2.2807695999999993,
                2.2529072999999897
            ]
        ],
        "RaR-alpha-0.2": [
            [
                2.4112229999999997,
                2.5452873999999994,
                2.300084499999997,
                2.3691697999999946,
                2.2670051000000058
            ]
        ]
    },
    "0.2": {
        "RaR-alpha-0": [
            [
                2.1987991000000022,
                2.2270711000000034,
                2.486353599999987,
                2.241768300000004,
                2.6759579000000002
            ]
        ],
        "RaR-alpha-0.1": [
            [
                2.2562598000000094,
                2.2987112999999937,
                2.313225099999997,
                2.5716514000000075,
                2.91761129999999
            ]
        ],
        "RaR-alpha-0.2": [
            [
                2.175716300000005,
                2.5564097000000032,
                2.7156894000000023,
                3.4962163999999945,
                2.5022805999999918
            ]
        ]
    },
    "0.3": {
        "RaR-alpha-0": [
            [
                2.2460386999999997,
                2.245004900000012,
                3.9081814999999978,
                1.953776399999981,
                2.0461238000000037
            ]
        ],
        "RaR-alpha-0.1": [
            [
                2.3752972999999997,
                2.2989682999999985,
                3.5837603999999885,
                2.007794099999984,
                2.20865569999998
            ]
        ],
        "RaR-alpha-0.2": [
            [
                2.1363550999999887,
                2.3976305999999994,
                2.132764299999991,
                2.00195149999999,
                2.190298399999989
            ]
        ]
    },
    "0.4": {
        "RaR-alpha-0": [
            [
                2.5778635000000065,
                2.094908900000007,
                1.8925719000000072,
                1.7562315000000126,
                1.7513291999999865
            ]
        ],
        "RaR-alpha-0.1": [
            [
                2.7624302000000114,
                1.8328663000000063,
                1.7986738000000173,
                2.0385484999999903,
                1.9487743999999907
            ]
        ],
        "RaR-alpha-0.2": [
            [
                2.680162999999993,
                1.8586194000000091,
                1.7975279000000057,
                1.7805173999999795,
                2.134186900000003
            ]
        ]
    },
    "0.5": {
        "RaR-alpha-0": [
            [
                2.111117699999994,
                1.7210846999999774,
                2.069879500000013,
                1.4343243000000143,
                1.38840110000001
            ]
        ],
        "RaR-alpha-0.1": [
            [
                2.0006985999999927,
                1.6071797000000174,
                1.830065200000007,
                1.5377024000000006,
                1.4636219999999867
            ]
        ],
        "RaR-alpha-0.2": [
            [
                1.6845414999999946,
                1.8756072000000188,
                1.4587706000000082,
                1.6111809999999878,
                1.3987532000000158
            ]
        ]
    },
    "0.6": {
        "RaR-alpha-0": [
            [
                1.425534199999987,
                1.507336400000014,
                1.3656045000000177,
                1.406355700000006,
                1.4425675999999896
            ]
        ],
        "RaR-alpha-0.1": [
            [
                1.5054947999999797,
                1.5238185000000044,
                1.636872100000005,
                1.421605900000003,
                1.4763996000000077
            ]
        ],
        "RaR-alpha-0.2": [
            [
                1.4947166000000038,
                1.3990266000000133,
                1.5681206000000145,
                1.5372160999999949,
                1.439642900000024
            ]
        ]
    },
    "0.7": {
        "RaR-alpha-0": [
            [
                1.4479155999999875,
                1.4645936000000006,
                1.4179354999999987,
                1.6826532999999984,
                2.7077357000000006
            ]
        ],
        "RaR-alpha-0.1": [
            [
                1.4945981999999844,
                1.4689268999999854,
                1.4687736999999856,
                1.8177980000000105,
                1.8936444999999935
            ]
        ],
        "RaR-alpha-0.2": [
            [
                1.5040143999999884,
                1.4871377999999993,
                1.6282051000000024,
                2.0425672999999733,
                1.570691299999993
            ]
        ]
    },
    "0.8": {
        "RaR-alpha-0": [
            [
                1.5273281999999995,
                2.002260199999995,
                1.8316082999999708,
                2.1884395000000154,
                1.8941985000000159
            ]
        ],
        "RaR-alpha-0.1": [
            [
                1.5707393000000138,
                1.829744699999992,
                2.1985918999999967,
                1.5991068000000155,
                1.6655451999999968
            ]
        ],
        "RaR-alpha-0.2": [
            [
                1.6840435000000014,
                1.9119130000000268,
                1.9357078000000456,
                1.648424499999976,
                1.6251320000000078
            ]
        ]
    },
    "0.9": {
        "RaR-alpha-0": [
            [
                1.7117676999999958,
                1.6704078000000209,
                1.6520472999999924,
                1.5321469000000434,
                1.6150430999999799
            ]
        ],
        "RaR-alpha-0.1": [
            [
                1.7192239000000313,
                1.7065716999999836,
                1.6475245000000314,
                1.6463840000000118,
                2.3340167000000065
            ]
        ],
        "RaR-alpha-0.2": [
            [
                1.7232817000000296,
                2.3923631000000114,
                1.636435399999982,
                1.7196706999999947,
                2.31764179999999
            ]
        ]
    }
}