{
    "0.0": {
        "RKNN": [
            [
                {
                    "V94": 0.4669510664993727,
                    "V60": 0.4648682559598495,
                    "V24": 0.4612296110414053,
                    "V175": 0.4607277289836888,
                    "V66": 0.46063362609786696,
                    "V128": 0.45713090757005437,
                    "V163": 0.4538342313085837,
                    "V78": 0.4530202545259007,
                    "V113": 0.45291795452458916,
                    "V146": 0.4521957340025094,
                    "V164": 0.4518459374168282,
                    "V174": 0.45158630578956804,
                    "V79": 0.4514429109159348,
                    "V140": 0.4482024984998091,
                    "V161": 0.4458218318695107,
                    "V153": 0.44474069427017976,
                    "V54": 0.44386042253043506,
                    "V89": 0.4436200971032677,
                    "V114": 0.44335375304450514,
                    "V64": 0.44326940311883845,
                    "V129": 0.4420609543853969,
                    "V233": 0.44202797527766163,
                    "V47": 0.44196038173453484,
                    "V232": 0.44104678257752283,
                    "V167": 0.44095915237696925,
                    "V178": 0.4399832705980762,
                    "V31": 0.43987066885435766,
                    "V4": 0.4397562287148234,
                    "V145": 0.43952701418197027,
                    "V14": 0.43929441287179866,
                    "V63": 0.4392492254116201,
                    "V105": 0.43898490306390897,
                    "V157": 0.4388894250876685,
                    "V97": 0.43814303638644925,
                    "V162": 0.43782427345789954,
                    "V33": 0.43682327245689856,
                    "V99": 0.4362609786700126,
                    "V179": 0.4361614675723619,
                    "V82": 0.4356814243890782,
                    "V107": 0.43542450857381854,
                    "V240": 0.43499329381733226,
                    "V46": 0.43497938698691524,
                    "V9": 0.43458803847762445,
                    "V93": 0.4338053414590428,
                    "V111": 0.43377509410288584,
                    "V3": 0.4334816166685677,
                    "V5": 0.4332747804265998,
                    "V41": 0.43258372743943635,
                    "V81": 0.4322226869278313,
                    "V152": 0.4322129036518523,
                    "V181": 0.43114264699519755,
                    "V51": 0.4298130183309362,
                    "V87": 0.42867897472665356,
                    "V247": 0.42856022584692594,
                    "V18": 0.42848180677540776,
                    "V83": 0.42647427854454206,
                    "V151": 0.4264563541853379,
                    "V35": 0.4260900250941029,
                    "V6": 0.4259074979448795,
                    "V80": 0.4259074979448794,
                    "V32": 0.4258985903018672,
                    "V256": 0.42560765661929917,
                    "V235": 0.4249807746792407,
                    "V223": 0.42487452948557086,
                    "V1": 0.4241321622751987,
                    "V115": 0.42401653258543065,
                    "V212": 0.4239382532983536,
                    "V11": 0.4237110093081614,
                    "V103": 0.4236721037222919,
                    "V238": 0.4234237766624843,
                    "V92": 0.4232538686741949,
                    "V249": 0.42294019238812214,
                    "V221": 0.4227180050188206,
                    "V52": 0.42198243412797987,
                    "V148": 0.4216241941764375,
                    "V206": 0.42150712229684845,
                    "V16": 0.42116269343370977,
                    "V67": 0.420868798535047,
                    "V71": 0.42071228645883607,
                    "V229": 0.42069924378581847,
                    "V173": 0.4206398996235885,
                    "V25": 0.4202601862246584,
                    "V13": 0.42014034109391707,
                    "V193": 0.41990798828941867,
                    "V110": 0.41966196767289105,
                    "V244": 0.41964659138435806,
                    "V159": 0.4194549003206469,
                    "V48": 0.419228356336261,
                    "V147": 0.4190310438337314,
                    "V131": 0.4186402132998745,
                    "V109": 0.41849503204584765,
                    "V75": 0.41815140108741117,
                    "V224": 0.4180829626249953,
                    "V85": 0.4176847388232187,
                    "V227": 0.4174583258648503,
                    "V170": 0.4171156542918297,
                    "V207": 0.41652163354514904,
                    "V95": 0.4163970151224988,
                    "V226": 0.4163369044172056,
                    "V74": 0.4162753181573759,
                    "V22": 0.41622430267348715,
                    "V10": 0.416079529002992,
                    "V133": 0.4160184023421163,
                    "V127": 0.41593475533249685,
                    "V150": 0.4151423099782078,
                    "V96": 0.4149431335249119,
                    "V15": 0.41486656041235714,
                    "V215": 0.4145835344078757,
                    "V182": 0.4145545796737767,
                    "V183": 0.4145232120451694,
                    "V72": 0.4144988150006971,
                    "V90": 0.4144574412109928,
                    "V171": 0.41442172854085174,
                    "V12": 0.41342534504391465,
                    "V192": 0.4133683129919015,
                    "V196": 0.4131622617072086,
                    "V254": 0.41314018478384856,
                    "V155": 0.41302319595920595,
                    "V194": 0.41283489556424824,
                    "V154": 0.41272828663041966,
                    "V104": 0.4126872831943317,
                    "V190": 0.41266355977773805,
                    "V184": 0.41228134917706105,
                    "V211": 0.4119615223755751,
                    "V121": 0.41187541515979037,
                    "V197": 0.41175240485152664,
                    "V203": 0.41170012547051443,
                    "V231": 0.41166875784190715,
                    "V65": 0.41125052279381014,
                    "V126": 0.41120869928900045,
                    "V120": 0.4106945162004576,
                    "V76": 0.4104786890232311,
                    "V239": 0.41039031503272405,
                    "V243": 0.4103646249192046,
                    "V91": 0.4099300949991038,
                    "V236": 0.40992431294774767,
                    "V98": 0.40946819805038126,
                    "V23": 0.4090999141517533,
                    "V62": 0.4089906113442652,
                    "V8": 0.4088479947952972,
                    "V106": 0.40856336260978665,
                    "V176": 0.40836470096194066,
                    "V70": 0.40828105395232117,
                    "V222": 0.40790896897849693,
                    "V172": 0.40770747445778804,
                    "V168": 0.4076596761665771,
                    "V166": 0.4075861403339446,
                    "V138": 0.40737766624843164,
                    "V214": 0.4073722404964563,
                    "V117": 0.40720007721262425,
                    "V137": 0.40696968470473954,
                    "V165": 0.40688295393439683,
                    "V42": 0.4066081137599331,
                    "V2": 0.40617057555577,
                    "V191": 0.4059620127201141,
                    "V125": 0.4058074923821473,
                    "V250": 0.40579000520243597,
                    "V135": 0.4057178705861265,
                    "V26": 0.4055207026348808,
                    "V141": 0.4047992471769134,
                    "V17": 0.4044947966639605,
                    "V160": 0.40443329150982854,
                    "V77": 0.4044011195830518,
                    "V169": 0.40439843858915375,
                    "V134": 0.4041448535456237,