{
    "0.0": {
        "RaR-alpha-AS-50": [
            [
                1.3665003999999998,
                1.8984804999999998,
                1.3562423999999993,
                1.8540339999999986,
                1.484657900000002
            ]
        ],
        "RaR-alpha-AS-145": [
            [
                1.1694147,
                1.7170512999999996,
                1.1388373999999999,
                1.3352947999999998,
                1.134541299999995
            ]
        ],
        "RaR-alpha-AS-290": [
            [
                1.7380224000000006,
                2.5462951999999994,
                1.858707599999999,
                1.7326177999999999,
                1.7371100000000013
            ]
        ],
        "RaR-alpha-50": [
            [
                1.0635173,
                0.9121578999999969,
                0.8037327000000012,
                0.8742286999999962,
                1.055033800000004
            ]
        ],
        "RaR-alpha-145": [
            [
                1.0136297999999995,
                0.9645864999999993,
                1.0697022999999994,
                0.999065200000004,
                1.003246599999997
            ]
        ],
        "RaR-alpha-290": [
            [
                1.6177596000000003,
                1.7481133,
                1.5437493999999994,
                1.5843330000000009,
                1.5236632000000014
            ]
        ],
        "RaR-alpha-580": [
            [
                2.750413700000001,
                2.6418710999999995,
                2.667874900000001,
                2.737063599999999,
                2.560903600000003
            ]
        ]
    },
    "0.1": {
        "RaR-alpha-AS-50": [
            [
                1.778306999999998,
                2.332486000000003,
                1.9333748999999898,
                1.9649526000000037,
                1.9315811000000167
            ]
        ],
        "RaR-alpha-AS-145": [
            [
                2.956445500000001,
                3.110949700000006,
                2.9424231999999932,
                2.9191936,
                3.090947099999994
            ]
        ],
        "RaR-alpha-AS-290": [
            [
                4.6910919000000035,
                4.65332269999999,
                4.441874800000008,
                4.365280200000001,
                5.056210600000014
            ]
        ],
        "RaR-alpha-50": [
            [
                1.4566496000000058,
                1.455342200000004,
                1.516040799999999,
                1.5424607000000208,
                2.2505159000000106
            ]
        ],
        "RaR-alpha-145": [
            [
                2.3124138000000016,
                2.577578200000005,
                2.4584243999999984,
                2.4086941000000195,
                3.063330499999978
            ]
        ],
        "RaR-alpha-290": [
            [
                4.10077170000001,
                4.1988991000000055,
                4.060918199999989,
                4.228005599999989,
                4.472797499999984
            ]
        ],
        "RaR-alpha-580": [
            [
                7.446614699999998,
                7.495612899999998,
                7.306424299999989,
                8.337964,
                9.791301600000025
            ]
        ]
    },
    "0.2": {
        "RaR-alpha-AS-50": [
            [
                1.8416124999999965,
                2.0790225000000078,
                1.8977163000000132,
                1.8833062999999584,
                2.012893799999972
            ]
        ],
        "RaR-alpha-AS-145": [
            [
                2.7436624999999992,
                3.000980900000002,
                2.802054200000015,
                3.0537489000000164,
                2.7938871000000063
            ]
        ],
        "RaR-alpha-AS-290": [
            [
                5.6576977,
                5.101737299999996,
                4.742073500000004,
                4.850935300000003,
                4.849168500000019
            ]
        ],
        "RaR-alpha-50": [
            [
                1.958184100000011,
                1.5490513999999962,
                1.4387558999999897,
                1.4443034999999895,
                1.43585360000003
            ]
        ],
        "RaR-alpha-145": [
            [
                3.6141086000000087,
                2.6424186000000134,
                2.4275068999999974,
                2.4457411999999863,
                2.4069657000000007
            ]
        ],
        "RaR-alpha-290": [
            [
                5.070676700000007,
                4.217519600000003,
                4.154834499999993,
                4.276452500000005,
                4.157601
            ]
        ],
        "RaR-alpha-580": [
            [
                7.507452100000023,
                7.608642199999991,
                7.411865900000009,
                7.889017200000012,
                7.669105600000023
            ]
        ]
    },
    "0.3": {
        "RaR-alpha-AS-50": [
            [
                1.805449699999997,
                1.7773209000000065,
                1.7461203999999952,
                2.3222171000000458,
                1.8694001000000071
            ]
        ],
        "RaR-alpha-AS-145": [
            [
                2.784177100000022,
                2.5118343000000323,
                2.6050279999999475,
                3.371239600000024,
                2.973652300000026
            ]
        ],
        "RaR-alpha-AS-290": [
            [
                5.027526299999977,
                4.427874099999997,
                5.589777500000025,
                6.582797900000003,
                5.146498899999983
            ]
        ],
        "RaR-alpha-50": [
            [
                1.5590803999999707,
                1.3816878000000088,
                1.5614765000000261,
                1.5843414999999936,
                2.2360744999999724
            ]
        ],
        "RaR-alpha-145": [
            [
                2.424045700000022,
                2.3732049999999845,
                2.3468533999999863,
                2.6353149999999914,
                3.095608699999957
            ]
        ],
        "RaR-alpha-290": [
            [
                3.787132799999995,
                3.7894019999999955,
                4.070469199999991,
                4.146279800000002,
                4.228884800000003
            ]
        ],
        "RaR-alpha-580": [
            [
                7.501248300000043,
                6.514843000000042,
                8.268728900000042,
                7.915058699999975,
                7.797816000000012
            ]
        ]
    },
    "0.4": {
        "RaR-alpha-AS-50": [
            [
                1.6429785999999922,
                1.765161599999999,
                1.6640284000000065,
                1.5996798999999555,
                1.7945316000000275
            ]
        ],
        "RaR-alpha-AS-145": [
            [
                2.4700366000000145,
                2.5047296000000188,
                2.576490100000001,
                2.493111900000031,
                2.6014794000000165
            ]
        ],
        "RaR-alpha-AS-290": [
            [
                4.3690087999999605,
                4.393079,
                4.134848399999953,
                4.192482700000028,
                4.024485700000014
            ]
        ],
        "RaR-alpha-50": [
            [
                1.438153600000021,
                1.293283899999949,
                1.3331463000000099,
                1.291614799999934,
                1.3382947000000058
            ]
        ],