{
    "0.0": {
        "RaR-alpha-0": [
            [
                6.8390719,
                4.310412200000002,
                6.203463699999997,
                4.275438199999996,
                4.340906700000005
            ]
        ],
        "RaR-alpha-0.1": [
            [
                4.8846418,
                4.282090399999998,
                4.6253739,
                4.184729300000001,
                4.412240100000005
            ]
        ],
        "RaR-alpha-0.2": [
            [
                4.381191100000001,
                5.4544219,
                5.570010600000003,
                4.297676800000005,
                4.434414399999994
            ]
        ]
    },
    "0.1": {
        "RaR-alpha-0": [
            [
                12.0339757,
                15.115089300000008,
                14.203557399999994,
                11.26352399999999,
                13.158948299999992
            ]
        ],
        "RaR-alpha-0.1": [
            [
                14.055774900000003,
                13.592689799999988,
                12.237464899999992,
                13.791964399999983,
                15.246579400000002
            ]
        ],
        "RaR-alpha-0.2": [
            [
                13.497734699999995,
                12.693101799999994,
                11.696938700000004,
                14.787329299999982,
                12.654945800000007
            ]
        ]
    },
    "0.2": {
        "RaR-alpha-0": [
            [
                12.611938499999951,
                12.402564700000028,
                12.500438900000006,
                13.183350099999984,
                13.145810400000016
            ]
        ],
        "RaR-alpha-0.1": [
            [
                13.134481499999993,
                12.85393959999999,
                12.485425200000009,
                13.99491820000003,
                12.832754499999965
            ]
        ],
        "RaR-alpha-0.2": [
            [
                12.91068150000001,
                12.7904451,
                16.69650969999998,
                12.803424599999971,
                13.881015699999978
            ]
        ]
    },
    "0.3": {
        "RaR-alpha-0": [
            [
                13.340258500000004,
                12.121159300000045,
                15.377585599999975,
                14.777130599999964,
                14.158476800000017
            ]
        ],
        "RaR-alpha-0.1": [
            [
                11.800388399999974,
                12.46865850000006,
                13.443413899999996,
                14.001255600000036,
                14.12239240000008
            ]
        ],
        "RaR-alpha-0.2": [
            [
                11.739415899999983,
                13.823851200000036,
                14.80943620000005,
                13.78351239999995,
                12.655557499999986
            ]
        ]
    },
    "0.4": {
        "RaR-alpha-0": [
            [
                10.824588800000015,
                11.258620800000017,
                10.05018849999999,
                11.984125400000039,
                12.708937900000024
            ]
        ],
        "RaR-alpha-0.1": [
            [
                11.042473800000039,
                12.290232500000002,
                12.614801199999988,
                12.920813300000077,
                11.883781699999986
            ]
        ],
        "RaR-alpha-0.2": [
            [
                11.142019600000026,
                13.473567800000069,
                13.3650576,
                12.950381199999924,
                12.006247099999996
            ]
        ]
    },
    "0.5": {
        "RaR-alpha-0": [
            [
                9.348407400000042,
                8.843129100000056,
                8.687711400000012,
                8.25604199999998,
                8.44109549999996
            ]
        ],
        "RaR-alpha-0.1": [
            [
                8.99875529999997,
                9.464533899999992,
                7.981236500000023,
                8.210192300000017,
                8.400199899999961
            ]
        ],
        "RaR-alpha-0.2": [
            [
                9.048183999999992,
                8.913935300000048,
                7.989870900000028,
                7.522827899999925,
                8.449857199999997
            ]
        ]
    },
    "0.6": {
        "RaR-alpha-0": [
            [
                6.5121125000000575,
                6.335478799999919,
                6.672832099999937,
                6.54445080000005,
                6.5249513999999635
            ]
        ],
        "RaR-alpha-0.1": [
            [
                6.470559800000046,
                6.451923400000055,
                6.588088799999923,
                6.4121646000000965,
                6.863829099999975
            ]
        ],
        "RaR-alpha-0.2": [
            [
                6.908708000000047,
                6.552798899999971,
                6.2763270000000375,
                6.095895599999949,
                6.9280615999998645
            ]
        ]
    },
    "0.7": {
        "RaR-alpha-0": [
            [
                6.888317300000153,
                5.976360399999976,
                6.0084558000000925,
                5.82866869999998,
                6.045629199999894
            ]
        ],
        "RaR-alpha-0.1": [
            [
                6.5356874999999945,
                5.943778199999997,
                5.96902759999989,
                6.237285400000019,
                6.038152400000172
            ]
        ],
        "RaR-alpha-0.2": [
            [
                5.823717299999998,
                6.169007899999997,
                6.050110200000063,
                6.234898500000099,
                6.025858400000061
            ]
        ]
    },
    "0.8": {
        "RaR-alpha-0": [
            [
                6.367550100000017,
                6.288743000000068,
                6.21664039999996,
                6.274322199999915,
                6.232730400000037
            ]
        ],
        "RaR-alpha-0.1": [
            [
                6.156457300000056,
                6.20985799999994,
                6.511633699999948,
                6.203848999999991,
                6.06398890000014
            ]
        ],
        "RaR-alpha-0.2": [
            [
                6.217783499999996,
                6.206598799999938,
                6.247041500000023,
                6.094124299999976,
                6.143481099999917
            ]
        ]
    },
    "0.9": {
        "RaR-alpha-0": [
            [
                6.242801699999973,
                6.118432500000154,
                6.500256499999978,
                6.120458100000178,
                6.221733299999869
            ]
        ],
        "RaR-alpha-0.1": [
            [
                6.232177800000045,
                6.158031599999958,
                6.426525500000025,
                6.479566299999988,
                6.338457300000073
            ]
        ],
        "RaR-alpha-0.2": [
            [
                6.120651899999984,
                6.2580891000000065,
                6.5024773999998615,
                6.359317800000099,
                6.248872099999971
            ]
        ]
    }
}