{
    "0.0": {
        "SFS + Tree": [
            [
                {
                    "V162": 1.0,
                    "V79": 0.5,
                    "V137": 0.3333333333333333,
                    "V228": 0.25,
                    "V89": 0.2,
                    "V92": 0.16666666666666666,
                    "V8": 0.14285714285714285,
                    "V38": 0.125,
                    "V82": 0.1111111111111111,
                    "V47": 0.1,
                    "V208": 0.09090909090909091,
                    "V68": 0.08333333333333333,
                    "V101": 0.07692307692307693,
                    "V238": 0.07142857142857142,
                    "V26": 0.06666666666666667,
                    "V182": 0.0625,
                    "V64": 0.058823529411764705,
                    "V222": 0.05555555555555555,
                    "V211": 0.05263157894736842,
                    "V158": 0.05,
                    "V78": 0.047619047619047616,
                    "V206": 0.045454545454545456,
                    "V60": 0.043478260869565216,
                    "V69": 0.041666666666666664,
                    "V14": 0.04,
                    "V28": 0.038461538461538464,
                    "V61": 0.037037037037037035,
                    "V83": 0.03571428571428571,
                    "V134": 0.034482758620689655,
                    "V180": 0.03333333333333333,
                    "V116": 0.03225806451612903,
                    "V16": 0.03125,
                    "V7": 0.030303030303030304,
                    "V84": 0.029411764705882353,
                    "V104": 0.02857142857142857,
                    "V223": 0.027777777777777776,
                    "V157": 0.02702702702702703,
                    "V81": 0.02631578947368421,
                    "V34": 0.02564102564102564,
                    "V214": 0.025,
                    "V70": 0.024390243902439025,
                    "V119": 0.023809523809523808,
                    "V246": 0.023255813953488372,
                    "V183": 0.022727272727272728,
                    "V11": 0.022222222222222223,
                    "V147": 0.021739130434782608,
                    "V186": 0.02127659574468085,
                    "V224": 0.020833333333333332,
                    "V76": 0.02040816326530612,
                    "V230": 0.02,
                    "V66": 0.0196078431372549,
                    "V143": 0.019230769230769232,
                    "V171": 0.018867924528301886,
                    "V86": 0.018518518518518517,
                    "V52": 0.01818181818181818,
                    "V35": 0.017857142857142856,
                    "V95": 0.017543859649122806,
                    "V177": 0.017241379310344827,
                    "V229": 0.01694915254237288,
                    "V80": 0.016666666666666666,
                    "V85": 0.01639344262295082,
                    "V108": 0.016129032258064516,
                    "V19": 0.015873015873015872,
                    "V44": 0.015625,
                    "V87": 0.015384615384615385,
                    "V10": 0.015151515151515152,
                    "V256": 0.014925373134328358,
                    "V139": 0.014705882352941176,
                    "V113": 0.014492753623188406,
                    "V43": 0.014285714285714285,
                    "V21": 0.014084507042253521,
                    "V133": 0.013888888888888888,
                    "V193": 0.0136986301369863,
                    "V234": 0.013513513513513514,
                    "V32": 0.013333333333333334,
                    "V114": 0.013157894736842105,
                    "V72": 0.012987012987012988,
                    "V142": 0.01282051282051282,
                    "V118": 0.012658227848101266,
                    "V200": 0.0125,
                    "V178": 0.012345679012345678,
                    "V150": 0.012195121951219513,
                    "V210": 0.012048192771084338,
                    "V30": 0.011904761904761904,
                    "V172": 0.011764705882352941,
                    "V129": 0.011627906976744186,
                    "V75": 0.011494252873563218,
                    "V181": 0.011363636363636364,
                    "V102": 0.011235955056179775,
                    "V59": 0.011111111111111112,
                    "V207": 0.01098901098901099,
                    "V240": 0.010869565217391304,
                    "V56": 0.010752688172043012,
                    "V18": 0.010638297872340425,
                    "V167": 0.010526315789473684,
                    "V42": 0.010416666666666666,
                    "V97": 0.010309278350515464,
                    "V36": 0.01020408163265306,
                    "V93": 0.010101010101010102,
                    "V175": 0.01,
                    "V94": 0.009900990099009901,
                    "V103": 0.00980392156862745,
                    "V241": 0.009708737864077669,
                    "V231": 0.009615384615384616,
                    "V243": 0.009523809523809525,
                    "V149": 0.009433962264150943,
                    "V125": 0.009345794392523364,
                    "V105": 0.009259259259259259,
                    "V239": 0.009174311926605505,
                    "V117": 0.00909090909090909,
                    "V197": 0.009009009009009009,
                    "V153": 0.008928571428571428,
                    "V9": 0.008849557522123894,
                    "V160": 0.008771929824561403,
                    "V22": 0.008695652173913044,
                    "V195": 0.008620689655172414,
                    "V198": 0.008547008547008548,
                    "V251": 0.00847457627118644,
                    "V146": 0.008403361344537815,
                    "V110": 0.008333333333333333,
                    "V185": 0.008264462809917356,
                    "V138": 0.00819672131147541,
                    "V145": 0.008130081300813009,
                    "V73": 0.008064516129032258,
                    "V65": 0.008,
                    "V252": 0.007936507936507936,
                    "V201": 0.007874015748031496,
                    "V106": 0.0078125,
                    "V174": 0.007751937984496124,
                    "V215": 0.007692307692307693,
                    "V126": 0.007633587786259542,
                    "V90": 0.007575757575757576,
                    "V77": 0.007518796992481203,
                    "V55": 0.007462686567164179,
                    "V237": 0.007407407407407408,
                    "V190": 0.007352941176470588,
                    "V166": 0.0072992700729927005,
                    "V98": 0.007246376811594203,
                    "V245": 0.007194244604316547,
                    "V189": 0.007142857142857143,
                    "V209": 0.0070921985815602835,
                    "V248": 0.007042253521126761,
                    "V132": 0.006993006993006993,
                    "V27": 0.006944444444444444,
                    "V191": 0.006896551724137931,
                    "V20": 0.00684931506849315,
                    "V170": 0.006802721088435374,
                    "V124": 0.006756756756756757,
                    "V204": 0.006711409395973154,
                    "V250": 0.006666666666666667,
                    "V39": 0.006622516556291391,
                    "V156": 0.006578947368421052,
                    "V121": 0.006535947712418301,
                    "V217": 0.006493506493506494,
                    "V128": 0.0064516129032258064,
                    "V62": 0.00641025641025641,
                    "V152": 0.006369426751592357,
                    "V254": 0.006329113924050633,
                    "V99": 0.006289308176100629,
                    "V244": 0.00625,
                    "V122": 0.006211180124223602,
                    "V144": 0.006172839506172839,
                    "V135": 0.006134969325153374,
                    "V163": 0.006097560975609756,
                    "V2": 0.006060606060606061,
                    "V192": 0.006024096385542169,