{
    "0.0": {
        "RaR-off": [
            [
                8.0867875
            ],
            [
                28.740195100000008
            ],
            [
                33.89379279999997
            ],
            [
                31.11233470000002
            ],
            [
                30.04171640000004
            ]
        ],
        "RaR-on": [
            [
                1.7671165999999996
            ],
            [
                4.875571699999995
            ],
            [
                6.334128300000032
            ],
            [
                6.146174200000019
            ],
            [
                6.234989799999994
            ]
        ]
    },
    "0.1": {
        "RaR-off": [
            [
                10.1531378
            ],
            [
                37.68844779999999
            ],
            [
                45.6626364
            ],
            [
                42.61099849999994
            ],
            [
                42.85319389999995
            ]
        ],
        "RaR-on": [
            [
                1.9434409000000024
            ],
            [
                6.723190499999987
            ],
            [
                8.4895669
            ],
            [
                9.741184599999997
            ],
            [
                9.947616599999947
            ]
        ]
    },
    "0.2": {
        "RaR-off": [
            [
                9.523913400000001
            ],
            [
                40.19639960000001
            ],
            [
                47.38813550000003
            ],
            [
                46.83935919999999
            ],
            [
                43.58076119999987
            ]
        ],
        "RaR-on": [
            [
                1.9152450000000023
            ],
            [
                6.549390700000004
            ],
            [
                8.094816499999979
            ],
            [
                8.866220599999906
            ],
            [
                9.45251589999998
            ]
        ]
    },
    "0.3": {
        "RaR-off": [
            [
                5.747506899999998
            ],
            [
                22.108839200000006
            ],
            [
                26.83431459999997
            ],
            [
                25.9556245
            ],
            [
                27.015181700000085
            ]
        ],
        "RaR-on": [
            [
                1.3526781999999997
            ],
            [
                3.8023039999999924
            ],
            [
                5.265649800000006
            ],
            [
                6.1774853999999095
            ],
            [
                6.982292899999948
            ]
        ]
    },
    "0.4": {
        "RaR-off": [
            [
                5.1100183
            ],
            [
                16.932204600000006
            ],
            [
                22.399929499999985
            ],
            [
                21.332052199999907
            ],
            [
                20.350126900000078
            ]
        ],
        "RaR-on": [
            [
                1.0694665000000043
            ],
            [
                2.761147400000027
            ],
            [
                3.9710149
            ],
            [
                4.597667499999943
            ],
            [
                4.5523183000000245
            ]
        ]
    },
    "0.5": {
        "RaR-off": [
            [
                7.3969695999999985
            ],
            [
                17.811843499999952
            ],
            [
                24.01656730000002
            ],
            [
                21.903047199999946
            ],
            [
                22.77051500000016
            ]
        ],
        "RaR-on": [
            [
                1.3501493999999994
            ],
            [
                2.506713100000013
            ],
            [
                4.027984400000037
            ],
            [
                4.100631599999929
            ],
            [
                5.272181500000215
            ]
        ]
    },
    "0.6": {
        "RaR-off": [
            [
                6.719267300000006
            ],
            [
                20.245606599999974
            ],
            [
                27.20843709999997
            ],
            [
                25.124266600000055
            ],
            [
                23.06973569999991
            ]
        ],
        "RaR-on": [
            [
                1.2494551999999999
            ],
            [
                2.9600937999999815
            ],
            [
                4.564712100000065
            ],
            [
                4.313472899999965
            ],
            [
                4.893377399999963
            ]
        ]
    },
    "0.7": {
        "RaR-off": [
            [
                6.333630599999992
            ],
            [
                20.685698899999977
            ],
            [
                27.05062750000002
            ],
            [
                24.707974300000046
            ],
            [
                26.406917900000053
            ]
        ],
        "RaR-on": [
            [
                1.1831320000000005
            ],
            [
                3.1737106000000495
            ],
            [
                4.049311400000079
            ],
            [
                4.998823200000061
            ],
            [
                5.349004100000002
            ]
        ]
    },
    "0.8": {
        "RaR-off": [
            [
                5.929760700000003
            ],
            [
                22.070547599999998
            ],
            [
                27.415672300000097
            ],
            [
                27.11734380000007
            ],
            [
                27.240604600000097
            ]
        ],
        "RaR-on": [
            [
                1.2057861000000116
            ],
            [
                3.4987471000000028
            ],
            [
                4.527670099999909
            ],
            [
                5.017776700000013
            ],
            [
                5.519976799999995
            ]
        ]
    },
    "0.9": {
        "RaR-off": [
            [
                6.880704499999993
            ],
            [
                24.749185699999998
            ],
            [
                32.63777189999996
            ],
            [
                29.738317600000073
            ],
            [
                29.925602100000106
            ]
        ],
        "RaR-on": [
            [
                1.1679038999999989
            ],
            [
                3.558882799999992
            ],
            [
                4.4645024999999805
            ],
            [
                5.411606599999914
            ],
            [
                6.005550600000106
            ]
        ]
    }
}