{
    "0.0": {
        "RaR-alpha-AS-50": [
            [
                7.1417155,
                6.680947799999998,
                5.562211299999987,
                6.099215799999996,
                5.968790100000007
            ]
        ],
        "RaR-alpha-AS-145": [
            [
                5.658926300000001,
                4.766176800000004,
                5.0805104000000085,
                5.117337800000001,
                5.105895000000004
            ]
        ],
        "RaR-alpha-AS-290": [
            [
                9.471796,
                7.340230400000003,
                7.06800969999999,
                7.581401599999992,
                7.409008300000011
            ]
        ],
        "RaR-alpha-50": [
            [
                4.188658100000001,
                4.0878747999999945,
                4.0598858000000035,
                3.9553559999999948,
                4.053299100000004
            ]
        ],
        "RaR-alpha-145": [
            [
                5.087596399999999,
                4.584831100000002,
                4.593053099999992,
                4.577708400000006,
                4.529989499999999
            ]
        ],
        "RaR-alpha-290": [
            [
                7.1501708000000015,
                6.924233299999997,
                7.0889483999999925,
                7.137880199999984,
                7.002884100000017
            ]
        ],
        "RaR-alpha-580": [
            [
                13.095399,
                12.0099503,
                11.457768000000016,
                11.962656299999992,
                11.006512200000003
            ]
        ]
    },
    "0.1": {
        "RaR-alpha-AS-50": [
            [
                3.7322096999999985,
                3.222102800000016,
                3.743152699999996,
                4.176455999999973,
                3.6886848999999984
            ]
        ],
        "RaR-alpha-AS-145": [
            [
                4.902901500000013,
                4.199210300000004,
                4.127212499999985,
                4.504608200000007,
                4.136383599999988
            ]
        ],
        "RaR-alpha-AS-290": [
            [
                7.7428764,
                6.407678900000008,
                6.396385299999963,
                7.250089500000001,
                6.874497599999984
            ]
        ],
        "RaR-alpha-50": [
            [
                3.2842397999999946,
                2.666072299999996,
                2.774815799999999,
                2.775489700000037,
                2.728624200000013
            ]
        ],
        "RaR-alpha-145": [
            [
                4.548868899999974,
                3.933510800000022,
                5.800340600000027,
                4.137836599999957,
                4.293160900000032
            ]
        ],
        "RaR-alpha-290": [
            [
                5.890346899999997,
                5.6546913000000245,
                6.181933399999991,
                6.057852099999991,
                6.185305900000003
            ]
        ],
        "RaR-alpha-580": [
            [
                10.83289289999999,
                9.709419699999955,
                11.106116500000041,
                9.874412899999982,
                10.365516599999978
            ]
        ]
    },
    "0.2": {
        "RaR-alpha-AS-50": [
            [
                4.117107599999997,
                3.756012699999985,
                3.71243510000005,
                3.9906703000000334,
                3.527093500000092
            ]
        ],
        "RaR-alpha-AS-145": [
            [
                4.95176280000004,
                4.4710165999999845,
                4.711574400000018,
                6.1747417999999925,
                4.69595599999991
            ]
        ],
        "RaR-alpha-AS-290": [
            [
                7.3757397999999625,
                7.05495830000001,
                6.534966299999951,
                8.194540500000016,
                9.520076500000073
            ]
        ],
        "RaR-alpha-50": [
            [
                4.0091878000000065,
                2.9240247999999838,
                2.9662187999999787,
                3.3411575000000084,
                3.1845594999999776
            ]
        ],
        "RaR-alpha-145": [
            [
                4.555284900000004,
                4.195150500000011,
                4.362797499999942,
                4.264054900000019,
                4.37405190000004
            ]
        ],
        "RaR-alpha-290": [
            [
                6.6448330000000055,
                6.700374300000021,
                5.927408600000035,
                7.00496069999997,
                6.191604300000108
            ]
        ],
        "RaR-alpha-580": [
            [
                10.754873399999951,
                10.341811899999982,
                10.501231899999993,
                11.817065500000012,
                12.143620299999952
            ]
        ]
    },
    "0.3": {
        "RaR-alpha-AS-50": [
            [
                3.8350032000000738,
                3.4130696999999373,
                4.069696200000067,
                4.247885100000076,
                3.1852680999999166
            ]
        ],
        "RaR-alpha-AS-145": [
            [
                5.385823800000026,
                4.198367500000018,
                5.9095025000000305,
                5.430221099999926,
                3.8689980000000332
            ]
        ],
        "RaR-alpha-AS-290": [
            [
                6.346851899999933,
                6.301870100000087,
                6.378893699999935,
                6.248499300000049,
                5.802250900000104
            ]
        ],
        "RaR-alpha-50": [
            [
                2.802284900000018,
                2.7098011999999017,
                3.0840398000000278,
                3.027896000000055,
                2.5755863000000545
            ]
        ],
        "RaR-alpha-145": [
            [
                3.968709600000011,
                4.2771563000000015,
                4.293393199999969,
                4.592481099999986,
                4.212671300000011
            ]
        ],
        "RaR-alpha-290": [
            [
                5.856363500000043,
                7.714071999999987,
                6.762220200000002,
                5.5377962000000025,
                6.863792899999908
            ]
        ],
        "RaR-alpha-580": [
            [
                9.692509599999994,
                10.010912699999949,
                9.445401500000003,
                8.650910299999964,
                11.696065099999942
            ]
        ]
    },
    "0.4": {
        "RaR-alpha-AS-50": [
            [
                3.2673879999999826,
                3.2586952999999994,
                3.1679193999999598,
                3.3276336999999785,
                3.157323500000075
            ]
        ],
        "RaR-alpha-AS-145": [
            [
                4.1590281000000004,
                4.223793300000011,
                4.207739899999979,
                4.1465187000000014,
                4.488530900000001
            ]
        ],
        "RaR-alpha-AS-290": [
            [
                6.52460050000002,
                5.911093500000106,
                5.854970699999967,
                6.07333749999998,
                7.012094100000013
            ]
        ],
        "RaR-alpha-50": [
            [
                3.3483583999999382,
                2.6826681999999664,
                2.750302900000065,
                2.7685736999999335,
                4.54321809999999
            ]
        ],