{
    "0.0": {
        "Baseline": [
            [
                0.009173599999999999,
                0.009360399999998492,
                0.010259099999998966,
                0.010237799999998742,
                0.006304499999998825
            ]
        ],
        "XGBoost": [
            [
                0.0858994,
                0.08890460000000289,
                0.0808692000000022,
                0.08099719999999877,
                0.06846690000000422
            ]
        ],
        "Relief": [
            [
                0.0479416,
                0.05143570000000253,
                0.04366250000000349,
                0.036064400000000774,
                0.0503908000000024
            ]
        ],
        "FCBF": [
            [
                0.027121300000000015,
                0.03710500000000039,
                0.026033599999998103,
                0.04240190000000155,
                0.04214860000000442
            ]
        ],
        "Random Forest": [
            [
                0.0562858,
                0.05803730000000229,
                0.056243700000003116,
                0.04941089999999804,
                0.05796050000000719
            ]
        ],
        "SFS + Tree": [
            [
                4.2667839,
                4.4459257,
                4.098004400000001,
                4.517275699999999,
                3.830678700000007
            ]
        ],
        "RKNN": [
            [
                6.371079599999999,
                5.993058999999999,
                6.022852800000003,
                5.722418200000007,
                5.613198800000006
            ]
        ],
        "MI": [
            [
                5.664347799999998,
                5.492206800000002,
                4.8017983000000015,
                4.7253960999999975,
                4.685113700000002
            ]
        ],
        "CFS": [
            [
                2.656737100000001,
                2.359029300000003,
                2.5631482000000005,
                2.0757499000000053,
                2.2660522999999984
            ]
        ],
        "MRMR": [
            [
                0.3705713000000017,
                0.36025740000000184,
                0.4597679000000028,
                0.4090716000000043,
                0.41926420000000064
            ]
        ]
    },
    "0.1": {
        "Baseline": [
            [
                0.012877299999999536,
                0.009113999999996736,
                0.008844199999998636,
                0.00652389999999059,
                0.009340399999985038
            ]
        ],
        "XGBoost": [
            [
                0.08830359999998905,
                0.08150460000000237,
                0.0726063000000039,
                0.05736000000001695,
                0.07672819999999092
            ]
        ],
        "Relief": [
            [
                0.05780490000000782,
                0.06317559999999389,
                0.051642299999997476,
                0.05496239999999375,
                0.06065629999997668
            ]
        ],
        "FCBF": [
            [
                0.048777700000002255,
                0.05559999999999832,
                0.051615699999999265,
                0.05378089999999247,
                0.036597800000009784
            ]
        ],
        "Random Forest": [
            [
                0.057498800000004735,
                0.06466100000000097,
                0.057308100000000195,
                0.0552112999999963,
                0.03383579999999142
            ]
        ],
        "SFS + Tree": [
            [
                3.9178429999999906,
                4.373007199999989,
                3.3079046999999946,
                3.4941959000000224,
                3.6626349000000005
            ]
        ],
        "RKNN": [
            [
                5.158937600000002,
                5.672466200000002,
                5.523529400000001,
                5.409421899999984,
                5.464275700000002
            ]
        ],
        "MI": [
            [
                4.7043216,
                4.880748700000012,
                4.734179299999994,
                4.57498129999999,
                4.731272599999983
            ]
        ],
        "CFS": [
            [
                2.6201667999999927,
                3.1375019000000037,
                2.7352029999999843,
                2.8580771999999968,
                2.4524107000000015
            ]
        ],
        "MRMR": [
            [
                0.39441039999999816,
                0.4768475000000052,
                0.49234769999998207,
                0.48685110000002396,
                0.45562929999999824
            ]
        ]
    },
    "0.2": {
        "Baseline": [
            [
                0.008504699999974719,
                0.008340400000008685,
                0.010074500000001763,
                0.01009050000001821,
                0.010761199999990367
            ]
        ],
        "XGBoost": [
            [
                0.075097999999997,
                0.05458060000000842,
                0.056812500000006594,
                0.07640600000001996,
                0.07439250000001607
            ]
        ],
        "Relief": [
            [
                0.06276809999999955,
                0.055066799999991645,
                0.05439730000000509,
                0.06529110000002447,
                0.04899599999998827
            ]
        ],
        "FCBF": [
            [
                0.04416050000000382,
                0.04774910000000432,
                0.0451802999999984,
                0.05185509999998317,
                0.04701489999999353
            ]
        ],
        "Random Forest": [
            [
                0.05060279999997874,
                0.05950909999998544,
                0.058090399999997544,
                0.058183700000000727,
                0.05781229999999482
            ]
        ],
        "SFS + Tree": [
            [
                3.4203432999999848,
                3.4628781000000117,
                3.3175389000000166,
                3.1745191999999918,
                3.2786713000000134
            ]
        ],
        "RKNN": [
            [
                6.061894200000012,
                5.497138699999994,
                5.609764600000005,
                5.373547099999996,
                5.710904900000031
            ]
        ],
        "MI": [
            [
                4.695481400000006,
                5.107158399999975,
                4.914922799999999,
                4.645826199999988,
                4.7542057
            ]
        ],
        "CFS": [
            [
                3.544062999999994,
                3.5208938000000103,
                4.183759699999996,
                3.0007813,
                3.6897432000000094
            ]
        ],
        "MRMR": [
            [
                0.5529332000000124,
                0.504141599999997,
                0.558301699999987,
                0.5527574999999842,
                0.7019948000000227
            ]
        ]
    },
    "0.3": {
        "Baseline": [
            [
                0.010042999999996027,
                0.01188969999998335,
                0.010384799999997085,
                0.011112000000025546,
                0.011151299999994535
            ]
        ],
        "XGBoost": [
            [
                0.07240539999997964,
                0.08052179999998543,
                0.0855576999999812,
                0.08721150000002353,
                0.09100169999999252
            ]
        ],
        "Relief": [
            [
                0.06624719999996387,
                0.0665019999999572,
                0.06894130000000587,
                0.06722519999999577,
                0.07371820000003027
            ]
        ],