{
    "0.0": {
        "RaR-distance": [
            [
                2.4312261,
                2.0247086000000003,
                2.1104602000000003,
                2.362196800000003,
                2.613684599999999
            ]
        ],
        "RaR-radius": [
            [
                2.7997587000000004,
                2.6282902000000004,
                2.4161632000000015,
                2.606839700000002,
                4.824538800000003
            ]
        ],
        "SOFT + RaR": [
            [
                0.9463276,
                0.9069298999999997,
                0.9023850000000024,
                1.0373048000000011,
                0.990888499999997
            ]
        ],
        "KNN + RaR": [
            [
                0.9869635999999993,
                0.8922442999999998,
                0.9712010000000006,
                1.1382128999999992,
                1.0765889000000044
            ]
        ]
    },
    "0.1": {
        "RaR-distance": [
            [
                2.7105543999999995,
                2.7589378999999994,
                2.035823199999996,
                2.1041761000000037,
                2.033943000000008
            ]
        ],
        "RaR-radius": [
            [
                2.8150645000000054,
                3.5711379000000036,
                3.1211512,
                2.7124378999999976,
                2.425743499999996
            ]
        ],
        "SOFT + RaR": [
            [
                1.4069854000000035,
                1.0106500999999994,
                1.255775099999994,
                0.9889251999999971,
                0.9576655999999986
            ]
        ],
        "KNN + RaR": [
            [
                1.1317652999999979,
                0.947458300000001,
                0.9374143000000004,
                0.9822697000000034,
                0.9058734999999984
            ]
        ]
    },
    "0.2": {
        "RaR-distance": [
            [
                1.9389532000000003,
                1.9336138999999974,
                1.835544200000001,
                1.9026381999999984,
                1.752292600000004
            ]
        ],
        "RaR-radius": [
            [
                2.466248699999994,
                2.4272880999999984,
                2.330595299999999,
                2.4495330999999965,
                2.190117399999991
            ]
        ],
        "SOFT + RaR": [
            [
                0.818634099999997,
                0.9431562999999983,
                0.8972011000000037,
                0.9181774000000047,
                0.8254601000000008
            ]
        ],
        "KNN + RaR": [
            [
                0.9545540999999957,
                0.9989625000000046,
                0.9625991000000056,
                0.9431150000000059,
                0.9645602000000082
            ]
        ]
    },
    "0.3": {
        "RaR-distance": [
            [
                1.9569523000000117,
                1.9092059000000035,
                1.9688602000000088,
                1.9088035000000048,
                1.9419241000000227
            ]
        ],
        "RaR-radius": [
            [
                2.2979126000000036,
                2.1874442999999957,
                2.143486199999998,
                2.671970299999998,
                2.4280252000000075
            ]
        ],
        "SOFT + RaR": [
            [
                0.907196600000006,
                0.9022784000000001,
                0.8622955999999959,
                0.9240094999999968,
                0.8297987000000262
            ]
        ],
        "KNN + RaR": [
            [
                1.0119837000000018,
                0.9660583000000003,
                0.9747695000000078,
                0.8788790999999918,
                0.9402239000000066
            ]
        ]
    },
    "0.4": {
        "RaR-distance": [
            [
                2.066417400000006,
                2.0931061,
                2.3005921999999828,
                2.066821900000008,
                2.0406016999999963
            ]
        ],
        "RaR-radius": [
            [
                2.3746518000000094,
                2.6040549999999882,
                2.3484980000000064,
                2.4096631000000173,
                2.790249899999992
            ]
        ],
        "SOFT + RaR": [
            [
                0.8186843999999951,
                0.9893241999999987,
                1.0791856000000166,
                0.9536811000000114,
                0.9019957000000147
            ]
        ],
        "KNN + RaR": [
            [
                0.9967852999999991,
                1.2285044999999855,
                0.9735708000000045,
                1.0010862000000031,
                0.9003438000000017
            ]
        ]
    },
    "0.5": {
        "RaR-distance": [
            [
                2.166525400000012,
                2.17587690000002,
                2.078785900000014,
                2.2252723000000003,
                2.1002220999999963
            ]
        ],
        "RaR-radius": [
            [
                2.413394100000005,
                2.4897117999999807,
                2.507989500000008,
                2.5711532999999918,
                2.419249100000002
            ]
        ],
        "SOFT + RaR": [
            [
                0.9030381999999975,
                0.9605559000000028,
                0.8860674000000017,
                0.926789499999984,
                0.8741040000000169
            ]
        ],
        "KNN + RaR": [
            [
                0.9860681000000113,
                1.1202820999999972,
                0.9983497000000057,
                1.0266552000000218,
                0.9517418000000077
            ]
        ]
    },
    "0.6": {
        "RaR-distance": [
            [
                2.254526900000002,
                2.365827700000011,
                2.214133700000019,
                2.2011844000000167,
                2.1994002000000137
            ]
        ],
        "RaR-radius": [
            [
                2.416713399999992,
                2.6797354999999925,
                2.5515551000000016,
                2.671671400000008,
                2.4065211000000204
            ]
        ],
        "SOFT + RaR": [
            [
                0.8260694999999885,
                0.8420741000000191,
                0.8287930999999844,
                0.9177586000000133,
                1.0402258999999958
            ]
        ],
        "KNN + RaR": [
            [
                0.9827903000000049,
                0.9762145999999916,
                0.8784296999999981,
                0.9263170000000116,
                0.9356590000000153
            ]
        ]
    },
    "0.7": {
        "RaR-distance": [
            [
                2.3864805000000047,
                2.2471306999999854,
                2.297590800000023,
                2.3493245999999885,
                2.2151997999999935
            ]
        ],
        "RaR-radius": [
            [
                2.728147000000007,
                2.4927982999999756,
                2.5305040000000076,
                2.2824357999999734,
                2.482194800000002
            ]
        ],
        "SOFT + RaR": [
            [
                1.2331851000000142,
                0.8206874000000255,
                0.840396400000003,
                0.8130828999999835,
                0.7518003999999792
            ]
        ],
        "KNN + RaR": [
            [
                0.8988128999999958,
                0.9954269000000124,
                0.8461474000000067,
                0.9805799999999749,
                0.928646399999991
            ]
        ]
    }
}