{
    "0.0": {
        "RaR-alpha-0": [
            [
                5.0155981999999995,
                3.603856799999999,
                4.204488300000001,
                4.0291256,
                3.7366863999999964
            ]
        ],
        "RaR-alpha-0.1": [
            [
                4.3365691,
                3.7182789000000014,
                4.841951099999996,
                3.886401300000003,
                3.542634100000001
            ]
        ],
        "RaR-alpha-0.2": [
            [
                3.6337676000000005,
                3.867598900000001,
                4.886251199999997,
                3.7393946000000042,
                3.655754800000004
            ]
        ]
    },
    "0.1": {
        "RaR-alpha-0": [
            [
                3.8892475999999974,
                3.9660695000000032,
                4.150381800000005,
                3.9498484000000076,
                3.954742600000003
            ]
        ],
        "RaR-alpha-0.1": [
            [
                3.797429500000007,
                4.472623299999995,
                3.778664500000005,
                3.9363670999999982,
                3.966313400000004
            ]
        ],
        "RaR-alpha-0.2": [
            [
                4.092608400000003,
                4.185611899999998,
                3.7042601000000133,
                3.781103200000004,
                4.398475899999994
            ]
        ]
    },
    "0.2": {
        "RaR-alpha-0": [
            [
                4.167589500000005,
                4.100693499999977,
                4.33242420000002,
                4.912404599999974,
                4.2402218000000005
            ]
        ],
        "RaR-alpha-0.1": [
            [
                4.107967300000013,
                4.0295232,
                4.240828300000004,
                6.208763699999992,
                4.411523299999999
            ]
        ],
        "RaR-alpha-0.2": [
            [
                4.259471899999994,
                4.268320599999981,
                4.640435600000018,
                5.55958960000001,
                4.109086399999995
            ]
        ]
    },
    "0.3": {
        "RaR-alpha-0": [
            [
                4.6191029000000015,
                4.674623200000013,
                4.536413999999979,
                4.408353500000004,
                4.610500299999984
            ]
        ],
        "RaR-alpha-0.1": [
            [
                4.795506799999998,
                4.515789699999999,
                4.453108399999991,
                4.0838171000000045,
                5.831225200000006
            ]
        ],
        "RaR-alpha-0.2": [
            [
                5.139439799999991,
                4.943073900000002,
                4.18771030000002,
                4.498111599999987,
                4.743908399999981
            ]
        ]
    },
    "0.4": {
        "RaR-alpha-0": [
            [
                4.661854500000004,
                4.028399399999955,
                3.934012800000005,
                3.797079100000019,
                4.417481499999951
            ]
        ],
        "RaR-alpha-0.1": [
            [
                4.297849199999973,
                4.031940399999996,
                4.1018051000000355,
                3.9503641000000016,
                4.267655700000034
            ]
        ],
        "RaR-alpha-0.2": [
            [
                4.302111799999977,
                4.229676999999981,
                3.8102129000000104,
                3.9540791000000013,
                4.117329500000039
            ]
        ]
    },
    "0.5": {
        "RaR-alpha-0": [
            [
                4.14963819999997,
                5.9609734,
                4.277337200000034,
                4.565692499999955,
                4.459377399999994
            ]
        ],
        "RaR-alpha-0.1": [
            [
                4.45901090000001,
                4.381191999999999,
                4.061537600000008,
                6.009651800000029,
                4.766238399999963
            ]
        ],
        "RaR-alpha-0.2": [
            [
                5.4548330999999735,
                4.600956100000019,
                4.028692100000001,
                5.1384274999999775,
                4.425753400000019
            ]
        ]
    },
    "0.6": {
        "RaR-alpha-0": [
            [
                3.4163083999999913,
                3.460427999999979,
                3.445212099999992,
                3.35620339999997,
                2.941283100000021
            ]
        ],
        "RaR-alpha-0.1": [
            [
                3.588822300000004,
                3.280064799999991,
                3.7877719999999613,
                3.3371740000000045,
                3.242331799999988
            ]
        ],
        "RaR-alpha-0.2": [
            [
                3.511560299999985,
                3.279725199999973,
                3.400576899999976,
                3.1908845000000383,
                3.3295391999999993
            ]
        ]
    },
    "0.7": {
        "RaR-alpha-0": [
            [
                2.3302390999999716,
                2.3879399999999578,
                2.271780100000001,
                2.1351364999999873,
                2.2477453000000196
            ]
        ],
        "RaR-alpha-0.1": [
            [
                2.362066500000026,
                2.3099154000000226,
                2.2842677000000435,
                2.412314600000002,
                2.2158748999999602
            ]
        ],
        "RaR-alpha-0.2": [
            [
                2.2645281999999725,
                2.360246000000018,
                2.3187262999999803,
                2.38874229999999,
                2.1055640000000153
            ]
        ]
    },
    "0.8": {
        "RaR-alpha-0": [
            [
                2.14283800000004,
                2.2756830999999806,
                2.3138232999999673,
                2.2214549999999917,
                2.19942199999997
            ]
        ],
        "RaR-alpha-0.1": [
            [
                2.092541600000004,
                2.2546118999999862,
                2.1639318000000003,
                2.2318045000000097,
                2.2535434000000123
            ]
        ],
        "RaR-alpha-0.2": [
            [
                2.2188180999999645,
                2.2269635000000108,
                2.3617001000000073,
                2.152985699999988,
                2.325297199999966
            ]
        ]
    }
}