{
    "0.0": {
        "RaR-distance": [
            [
                4.5820429,
                2.0622308,
                2.2027108999999996,
                2.1721791999999986,
                2.2050282999999986
            ]
        ],
        "RaR-radius": [
            [
                2.8137115,
                2.5527774,
                2.5506148000000017,
                2.2487740999999986,
                2.636797299999998
            ]
        ],
        "SOFT + RaR": [
            [
                1.5297859000000003,
                1.5969619999999978,
                1.0377776000000019,
                0.9892566000000009,
                1.5023073000000053
            ]
        ],
        "KNN + RaR": [
            [
                1.2063161999999998,
                1.0344011000000002,
                0.9862371000000003,
                1.1103419000000017,
                1.3453090000000003
            ]
        ]
    },
    "0.1": {
        "RaR-distance": [
            [
                2.5852154000000027,
                2.4770994999999942,
                2.9812140999999954,
                3.783385899999999,
                2.631080499999996
            ]
        ],
        "RaR-radius": [
            [
                2.8064369999999954,
                2.991344099999999,
                2.9478593999999987,
                3.0747035999999923,
                3.5519127999999967
            ]
        ],
        "SOFT + RaR": [
            [
                1.3871186000000009,
                1.181576899999996,
                1.4505625999999978,
                1.2049252999999993,
                1.444106099999999
            ]
        ],
        "KNN + RaR": [
            [
                1.1716604000000004,
                1.1115037,
                1.9406060999999966,
                1.2291014999999987,
                1.2119015999999903
            ]
        ]
    },
    "0.2": {
        "RaR-distance": [
            [
                2.9511736999999982,
                2.3634204999999895,
                4.001752599999989,
                3.306933000000001,
                2.6077049000000017
            ]
        ],
        "RaR-radius": [
            [
                3.0593303999999932,
                3.3441357999999894,
                5.301470599999988,
                4.350107600000001,
                3.2230576999999982
            ]
        ],
        "SOFT + RaR": [
            [
                1.3373437999999993,
                1.8468816999999973,
                1.4444036000000011,
                2.0211398000000003,
                1.438477000000006
            ]
        ],
        "KNN + RaR": [
            [
                1.1267057000000023,
                1.4036280999999917,
                1.584138799999991,
                1.6090114,
                1.394587400000006
            ]
        ]
    },
    "0.3": {
        "RaR-distance": [
            [
                2.844306700000004,
                2.2501244000000042,
                2.7260961000000066,
                2.6081761000000085,
                2.125415800000013
            ]
        ],
        "RaR-radius": [
            [
                3.3458021000000144,
                3.038702900000004,
                3.1511888,
                3.189818400000007,
                3.0148221999999976
            ]
        ],
        "SOFT + RaR": [
            [
                1.2359835000000032,
                1.2791626000000065,
                1.195136099999985,
                1.232814100000013,
                1.3431082000000174
            ]
        ],
        "KNN + RaR": [
            [
                1.2447729999999808,
                1.1694026999999778,
                1.1974474000000157,
                1.1520056999999895,
                1.0996384000000035
            ]
        ]
    },
    "0.4": {
        "RaR-distance": [
            [
                2.551996600000024,
                2.185005799999999,
                2.2257930999999758,
                1.869651900000008,
                1.8646506000000045
            ]
        ],
        "RaR-radius": [
            [
                3.1091877000000068,
                3.1894810000000007,
                2.835736699999984,
                3.003827400000006,
                2.7730920999999853
            ]
        ],
        "SOFT + RaR": [
            [
                1.1508276000000137,
                1.2279938000000072,
                1.2549012000000062,
                1.2190946000000054,
                1.172298699999999
            ]
        ],
        "KNN + RaR": [
            [
                1.1793826999999908,
                1.1426997000000085,
                1.1487850000000037,
                1.1382554000000198,
                1.1391328999999928
            ]
        ]
    },
    "0.5": {
        "RaR-distance": [
            [
                2.100061499999981,
                2.0888649000000044,
                1.9997451000000126,
                1.9919659999999908,
                1.8008199999999874
            ]
        ],
        "RaR-radius": [
            [
                2.900968000000006,
                3.4532494999999983,
                2.829695600000008,
                3.0737226999999905,
                2.7375856999999826
            ]
        ],
        "SOFT + RaR": [
            [
                1.101406499999996,
                1.291004600000008,
                1.0933068999999875,
                1.2447350999999856,
                1.1588811999999962
            ]
        ],
        "KNN + RaR": [
            [
                1.2203618000000063,
                1.1384603999999854,
                1.1479849999999772,
                1.3185938000000021,
                1.037857200000019
            ]
        ]
    },
    "0.6": {
        "RaR-distance": [
            [
                1.7838791000000072,
                1.983031000000011,
                1.8196937000000162,
                2.0708236000000397,
                1.9512661000000548
            ]
        ],
        "RaR-radius": [
            [
                2.5880167000000256,
                2.69852910000003,
                2.52931099999995,
                2.8124913000000333,
                2.5445942999999716
            ]
        ],
        "SOFT + RaR": [
            [
                1.2104213000000072,
                1.1511168999999768,
                1.134527300000002,
                1.1185362999999597,
                1.208348400000034
            ]
        ],
        "KNN + RaR": [
            [
                1.1829831000000013,
                0.980810799999972,
                1.1266262000000324,
                0.933464000000015,
                1.0559827999999811
            ]
        ]
    },
    "0.7": {
        "RaR-distance": [
            [
                1.930783099999985,
                1.9014635999999996,
                1.926597299999969,
                1.9439578999999867,
                1.9723599999999806
            ]
        ],
        "RaR-radius": [
            [
                2.5305228000000284,
                2.5410239000000274,
                2.471473000000003,
                2.2935416999999916,
                2.438722299999995
            ]
        ],
        "SOFT + RaR": [
            [
                1.157107099999962,
                1.1696243000000095,
                1.203721900000005,
                1.2280195000000163,
                1.1786637000000155
            ]
        ],
        "KNN + RaR": [
            [
                0.970153200000027,
                0.9818652000000156,
                1.0308845000000133,
                0.8870665000000031,
                1.156758199999956
            ]
        ]
    },