{
    "0.0": {
        "RaR-off": [
            [
                4.2867082
            ],
            [
                7.634875100000002
            ],
            [
                12.778611999999981
            ],
            [
                8.605019099999993
            ],
            [
                9.822014799999977
            ]
        ],
        "RaR-on": [
            [
                0.8854784999999996
            ],
            [
                1.4003960999999947
            ],
            [
                2.911493300000018
            ],
            [
                2.0624270000000138
            ],
            [
                3.1026981999999634
            ]
        ]
    },
    "0.1": {
        "RaR-off": [
            [
                7.0766817
            ],
            [
                9.0879348
            ],
            [
                15.273584900000003
            ],
            [
                12.33626559999999
            ],
            [
                10.96964539999999
            ]
        ],
        "RaR-on": [
            [
                1.2620129000000002
            ],
            [
                2.021068200000002
            ],
            [
                3.7461569999999824
            ],
            [
                3.1342551000000185
            ],
            [
                3.7632551000000376
            ]
        ]
    },
    "0.2": {
        "RaR-off": [
            [
                6.075749100000001
            ],
            [
                9.988343400000005
            ],
            [
                18.678233299999988
            ],
            [
                19.00196790000001
            ],
            [
                18.77500200000003
            ]
        ],
        "RaR-on": [
            [
                1.0770012000000015
            ],
            [
                2.415838100000002
            ],
            [
                4.136135899999999
            ],
            [
                3.841722699999991
            ],
            [
                4.619988299999989
            ]
        ]
    },
    "0.3": {
        "RaR-off": [
            [
                3.4808629999999994
            ],
            [
                8.828238600000006
            ],
            [
                12.9014363
            ],
            [
                20.663406399999985
            ],
            [
                23.04700680000002
            ]
        ],
        "RaR-on": [
            [
                0.7084420999999992
            ],
            [
                1.4348782
            ],
            [
                2.8380170999999734
            ],
            [
                4.58986189999996
            ],
            [
                5.365927699999986
            ]
        ]
    },
    "0.4": {
        "RaR-off": [
            [
                3.0969292999999993
            ],
            [
                5.363841899999997
            ],
            [
                8.059759200000002
            ],
            [
                13.263003000000026
            ],
            [
                26.97220079999994
            ]
        ],
        "RaR-on": [
            [
                0.712451999999999
            ],
            [
                1.0604828999999967
            ],
            [
                1.9430025999999998
            ],
            [
                2.9288905000000227
            ],
            [
                5.697304000000031
            ]
        ]
    },
    "0.5": {
        "RaR-off": [
            [
                4.196184899999999
            ],
            [
                4.985845600000005
            ],
            [
                8.166266100000001
            ],
            [
                10.404663300000038
            ],
            [
                15.07198649999998
            ]
        ],
        "RaR-on": [
            [
                0.6898483000000013
            ],
            [
                1.1607196999999871
            ],
            [
                1.7652340999999865
            ],
            [
                2.267490299999963
            ],
            [
                3.5727511999999706
            ]
        ]
    },
    "0.6": {
        "RaR-off": [
            [
                4.787928899999997
            ],
            [
                4.980869900000002
            ],
            [
                8.956914899999987
            ],
            [
                9.261586000000023
            ],
            [
                10.483608200000049
            ]
        ],
        "RaR-on": [
            [
                0.6842516000000032
            ],
            [
                1.0886569999999978
            ],
            [
                1.7585195000000056
            ],
            [
                1.748914799999966
            ],
            [
                2.0524127999999564
            ]
        ]
    },
    "0.7": {
        "RaR-off": [
            [
                5.980553399999998
            ],
            [
                5.550231600000004
            ],
            [
                8.425176499999992
            ],
            [
                9.483579500000019
            ],
            [
                9.688915500000007
            ]
        ],
        "RaR-on": [
            [
                0.9080630999999997
            ],
            [
                1.0747345000000053
            ],
            [
                1.9273875999999746
            ],
            [
                1.788558299999977
            ],
            [
                2.276607600000034
            ]
        ]
    },
    "0.8": {
        "RaR-off": [
            [
                6.629392799999998
            ],
            [
                5.997992100000005
            ],
            [
                8.835712600000022
            ],
            [
                9.404939799999966
            ],
            [
                9.534147200000007
            ]
        ],
        "RaR-on": [
            [
                1.161670700000002
            ],
            [
                1.2737740999999971
            ],
            [
                2.0057486999999696
            ],
            [
                1.5762410000000386
            ],
            [
                2.274583499999949
            ]
        ]
    },
    "0.9": {
        "RaR-off": [
            [
                7.6646602
            ],
            [
                7.268753599999997
            ],
            [
                8.90162829999997
            ],
            [
                9.528317500000014
            ],
            [
                10.758823300000017
            ]
        ],
        "RaR-on": [
            [
                1.3144288000000017
            ],
            [
                1.5272462000000075
            ],
            [
                1.9959224000000404
            ],
            [
                1.5982140000000413
            ],
            [
                2.285295900000051
            ]
        ]
    }
}