{
    "0.0": {
        "RaR-distance": [
            [
                10.2480586,
                9.9820761,
                8.962180099999998,
                8.955435899999998,
                8.810155100000003
            ]
        ],
        "RaR-radius": [
            [
                9.0086698,
                9.328843000000006,
                9.265707500000005,
                9.521829499999996,
                9.152302899999995
            ]
        ],
        "SOFT + RaR": [
            [
                8.754266400000002,
                9.405999199999997,
                8.809070399999996,
                8.696756299999976,
                9.140216900000013
            ]
        ],
        "KNN + RaR": [
            [
                9.002495800000002,
                9.073791900000003,
                9.008917100000005,
                8.822579300000001,
                8.912807000000015
            ]
        ]
    },
    "0.1": {
        "RaR-distance": [
            [
                46.163001699999995,
                51.24038690000003,
                43.0521473,
                44.753950699999905,
                43.83379149999996
            ]
        ],
        "RaR-radius": [
            [
                49.295269700000006,
                42.46620839999997,
                42.04256039999996,
                42.39272500000004,
                41.18852819999995
            ]
        ],
        "SOFT + RaR": [
            [
                11.466292600000031,
                10.206322999999998,
                10.426326200000062,
                10.433778500000017,
                10.435330199999953
            ]
        ],
        "KNN + RaR": [
            [
                15.880957500000022,
                14.69513109999997,
                14.719435999999973,
                14.891464100000007,
                14.76863389999994
            ]
        ]
    },
    "0.2": {
        "RaR-distance": [
            [
                46.00674650000008,
                48.30745820000004,
                48.86925480000002,
                48.38427309999997,
                46.889130900000055
            ]
        ],
        "RaR-radius": [
            [
                41.86399240000003,
                42.54874600000005,
                43.51390740000011,
                44.382700600000135,
                43.24596910000014
            ]
        ],
        "SOFT + RaR": [
            [
                11.202145599999994,
                10.869077099999913,
                11.387674700000161,
                11.47212229999991,
                11.179497999999967
            ]
        ],
        "KNN + RaR": [
            [
                16.589036299999975,
                17.0569220000001,
                17.695739999999887,
                17.366224000000102,
                17.03403010000011
            ]
        ]
    },
    "0.3": {
        "RaR-distance": [
            [
                46.21388499999989,
                47.73652130000005,
                45.630317100000184,
                45.161634899999854,
                45.74455510000007
            ]
        ],
        "RaR-radius": [
            [
                39.7267468,
                39.53223529999991,
                40.3550909999999,
                40.196222300000045,
                40.694885699999986
            ]
        ],
        "SOFT + RaR": [
            [
                12.322273200000154,
                12.126125600000023,
                11.888503299999911,
                11.763258499999893,
                11.991689400000041
            ]
        ],
        "KNN + RaR": [
            [
                19.1217008000001,
                18.427678900000046,
                18.61477620000005,
                18.538329499999918,
                18.786427300000014
            ]
        ]
    },
    "0.4": {
        "RaR-distance": [
            [
                44.08055390000004,
                43.66005180000002,
                43.91561139999976,
                44.4123697,
                44.39718849999963
            ]
        ],
        "RaR-radius": [
            [
                38.941354100000126,
                38.740093100000195,
                39.710068500000034,
                38.165931,
                38.12446819999968
            ]
        ],
        "SOFT + RaR": [
            [
                13.445840099999941,
                13.564214799999718,
                13.31430219999993,
                12.982368100000258,
                13.241996400000062
            ]
        ],
        "KNN + RaR": [
            [
                19.326987300000155,
                19.188389599999937,
                19.231737800000246,
                19.026195299999927,
                19.38254259999985
            ]
        ]
    },
    "0.5": {
        "RaR-distance": [
            [
                41.58134169999994,
                42.17294519999996,
                43.077714500000184,
                41.777761400000145,
                42.320804599999974
            ]
        ],
        "RaR-radius": [
            [
                41.78656739999997,
                40.00921030000018,
                39.294946499999696,
                40.20142829999986,
                39.971927499999765
            ]
        ],
        "SOFT + RaR": [
            [
                14.673744199999874,
                14.36778090000007,
                14.87884189999977,
                14.548115900000084,
                14.543472800000018
            ]
        ],
        "KNN + RaR": [
            [
                19.53543609999997,
                20.251263799999833,
                19.22178120000035,
                19.21254930000032,
                19.39881779999996
            ]
        ]
    },
    "0.6": {
        "RaR-distance": [
            [
                40.210693900000024,
                40.57819120000022,
                40.00174539999989,
                41.050277899999855,
                39.9681685999999
            ]
        ],
        "RaR-radius": [
            [
                45.02703500000007,
                44.0932200999996,
                44.840947099999994,
                44.427127700000256,
                44.74304540000003
            ]
        ],
        "SOFT + RaR": [
            [
                15.229456899999605,
                14.630904799999826,
                14.718846999999641,
                15.061360200000308,
                15.029360200000156
            ]
        ],
        "KNN + RaR": [
            [
                19.155702100000326,
                19.23392469999999,
                18.95969630000036,
                19.145814500000142,
                19.189570999999887
            ]
        ]
    },
    "0.7": {
        "RaR-distance": [
            [
                41.263346600000204,
                41.97522979999985,
                41.19930010000007,
                41.25149289999945,
                42.47075880000011
            ]
        ],
        "RaR-radius": [
            [
                55.962992100000065,
                55.27771130000019,
                53.19310739999992,
                54.545658600000024,
                54.86646610000025
            ]
        ],
        "SOFT + RaR": [
            [
                14.908420700000079,
                15.038825799999813,
                14.681255599999986,
                14.604824600000029,
                14.83836539999993
            ]
        ],
        "KNN + RaR": [
            [
                18.323785000000044,
                18.091815400000087,
                18.230799200000092,
                18.48840999999993,
                18.082560200000444
            ]
        ]
    },