{
    "0.0": {
        "RaR-distance": [
            [
                11.795832899999999,
                9.733813400000003,
                9.201833800000003,
                9.343391100000005,
                10.277853399999998
            ]
        ],
        "RaR-radius": [
            [
                21.3593443,
                19.588610699999997,
                20.0250468,
                19.702439199999986,
                21.734690400000005
            ]
        ],
        "SOFT + RaR": [
            [
                6.597442400000006,
                5.6959856,
                5.6062795999999935,
                5.862473599999987,
                8.029693500000008
            ]
        ],
        "KNN + RaR": [
            [
                5.692472699999996,
                5.8796562999999935,
                5.675843,
                6.934299500000009,
                9.82964770000001
            ]
        ]
    },
    "0.1": {
        "RaR-distance": [
            [
                18.368787199999986,
                14.116505200000006,
                11.999488299999996,
                13.077262500000018,
                13.439855099999988
            ]
        ],
        "RaR-radius": [
            [
                19.464813599999985,
                19.90345739999998,
                19.885298799999987,
                18.594211700000017,
                18.01537909999996
            ]
        ],
        "SOFT + RaR": [
            [
                5.826462699999979,
                5.479547700000012,
                6.165292899999997,
                5.966864799999996,
                5.437173400000006
            ]
        ],
        "KNN + RaR": [
            [
                6.361843999999962,
                5.562034600000004,
                6.500339999999994,
                5.696593600000028,
                6.096966500000008
            ]
        ]
    },
    "0.2": {
        "RaR-distance": [
            [
                13.842944799999998,
                14.134250199999997,
                12.371008500000016,
                14.259533199999964,
                12.801512499999944
            ]
        ],
        "RaR-radius": [
            [
                17.68804160000002,
                18.019205,
                14.936055499999952,
                15.00428260000001,
                15.877656300000012
            ]
        ],
        "SOFT + RaR": [
            [
                5.931500599999993,
                5.426792099999943,
                4.977183700000069,
                5.491152800000009,
                6.193900699999972
            ]
        ],
        "KNN + RaR": [
            [
                5.60119659999998,
                5.203053899999986,
                4.796492899999976,
                5.39924910000002,
                5.4643839999999955
            ]
        ]
    },
    "0.3": {
        "RaR-distance": [
            [
                16.24046999999996,
                13.785740999999916,
                14.971966299999963,
                13.836658100000022,
                15.420086099999935
            ]
        ],
        "RaR-radius": [
            [
                18.325617800000032,
                16.099372000000017,
                18.413744899999983,
                16.630297799999994,
                15.914122300000031
            ]
        ],
        "SOFT + RaR": [
            [
                5.87119789999997,
                4.662810899999954,
                4.63587700000005,
                4.4275014999999485,
                4.609594899999934
            ]
        ],
        "KNN + RaR": [
            [
                4.957933300000036,
                4.75437270000009,
                4.641451599999982,
                5.867621800000052,
                4.9113144000000375
            ]
        ]
    },
    "0.4": {
        "RaR-distance": [
            [
                17.234329900000034,
                16.932474500000012,
                14.620170899999948,
                12.76934289999997,
                15.483010499999978
            ]
        ],
        "RaR-radius": [
            [
                17.206219199999964,
                15.92380300000002,
                13.313896200000045,
                13.485047799999961,
                12.996702899999946
            ]
        ],
        "SOFT + RaR": [
            [
                4.533086799999978,
                5.091281900000013,
                3.631492699999967,
                3.4270682999999735,
                3.5701137999999446
            ]
        ],
        "KNN + RaR": [
            [
                4.955715899999973,
                4.723341699999992,
                4.947644700000069,
                3.5815423999999894,
                3.7037780999999086
            ]
        ]
    },
    "0.5": {
        "RaR-distance": [
            [
                14.422940200000085,
                12.288775400000077,
                15.98252269999989,
                17.585633899999948,
                15.837247100000013
            ]
        ],
        "RaR-radius": [
            [
                12.330624700000044,
                11.940206100000069,
                13.083110099999885,
                13.055951600000071,
                12.305261599999994
            ]
        ],
        "SOFT + RaR": [
            [
                3.0902214999998705,
                3.2560777000001053,
                2.9337672000001476,
                3.385929199999964,
                3.158663800000113
            ]
        ],
        "KNN + RaR": [
            [
                3.3173516000001655,
                3.4828511999999137,
                3.108668699999953,
                3.3911187999999584,
                3.1339536000000408
            ]
        ]
    },
    "0.6": {
        "RaR-distance": [
            [
                12.902455800000098,
                15.323708099999976,
                14.555502400000023,
                14.598787399999992,
                14.797867500000166
            ]
        ],
        "RaR-radius": [
            [
                12.071842199999992,
                13.579975699999977,
                13.537923300000102,
                14.870642099999941,
                14.00965989999986
            ]
        ],
        "SOFT + RaR": [
            [
                3.2207977999999002,
                2.852947100000165,
                2.7390909000000647,
                3.447588499999938,
                2.8504482999999254
            ]
        ],
        "KNN + RaR": [
            [
                3.9613701000000674,
                2.9945944999999483,
                3.008612699999958,
                4.618267299999843,
                2.9723832999998194
            ]
        ]
    },
    "0.7": {
        "RaR-distance": [
            [
                14.881699399999889,
                13.084738699999889,
                16.82762330000014,
                15.156159500000058,
                14.050827199999958
            ]
        ],
        "RaR-radius": [
            [
                12.357040999999981,
                15.244552399999975,
                14.16665880000005,
                13.22084719999998,
                14.51993809999999
            ]
        ],
        "SOFT + RaR": [
            [
                2.4392968999998175,
                2.7551931000000423,
                2.608017999999902,
                3.172169000000167,
                2.7790070999999443
            ]
        ],
        "KNN + RaR": [
            [
                2.763916999999992,
                2.550576099999944,
                3.4618639999998777,
                2.8850678999999673,
                2.5088843999999426
            ]
        ]
    },