{
    "0.0": {
        "RaR-alpha-0": [
            [
                18.5299859,
                17.429793200000006,
                18.64830640000001,
                15.702744600000017,
                15.976141399999989
            ]
        ],
        "RaR-alpha-0.1": [
            [
                18.1068562,
                18.591997799999987,
                16.37779359999999,
                15.912411600000013,
                15.9960011
            ]
        ],
        "RaR-alpha-0.2": [
            [
                16.789087799999997,
                18.074864299999987,
                16.139914900000008,
                15.679107700000003,
                15.94460460000002
            ]
        ]
    },
    "0.1": {
        "RaR-alpha-0": [
            [
                58.66512319999998,
                53.61680179999996,
                47.59465589999991,
                47.46943199999998,
                48.67615969999997
            ]
        ],
        "RaR-alpha-0.1": [
            [
                54.29703059999997,
                53.137472199999934,
                46.824312899999995,
                47.11993540000003,
                48.14368710000008
            ]
        ],
        "RaR-alpha-0.2": [
            [
                53.4052269,
                54.09766120000006,
                46.2647960999999,
                48.20580899999993,
                48.37019209999994
            ]
        ]
    },
    "0.2": {
        "RaR-alpha-0": [
            [
                42.852061199999866,
                41.509756299999935,
                41.49083429999996,
                41.695788300000004,
                41.77339559999996
            ]
        ],
        "RaR-alpha-0.1": [
            [
                42.2287116,
                44.23188460000006,
                41.964091399999916,
                41.97105619999979,
                42.47674099999995
            ]
        ],
        "RaR-alpha-0.2": [
            [
                41.5208955999999,
                41.68793179999989,
                42.50162350000005,
                43.288622900000064,
                40.92948410000008
            ]
        ]
    },
    "0.3": {
        "RaR-alpha-0": [
            [
                34.25253420000013,
                30.21903260000022,
                30.24211790000004,
                30.259221799999978,
                27.27683449999995
            ]
        ],
        "RaR-alpha-0.1": [
            [
                29.594851899999867,
                31.53359690000002,
                30.306716199999983,
                29.724332199999935,
                27.591088000000127
            ]
        ],
        "RaR-alpha-0.2": [
            [
                30.30928229999995,
                30.372739799999863,
                29.356884400000126,
                27.3077487999999,
                27.927399799999876
            ]
        ]
    },
    "0.4": {
        "RaR-alpha-0": [
            [
                23.18408249999993,
                24.94954570000027,
                25.641756299999997,
                25.275438600000143,
                26.90353350000032
            ]
        ],
        "RaR-alpha-0.1": [
            [
                24.168597800000043,
                23.87743479999972,
                25.82155700000021,
                25.469547499999862,
                28.540097999999944
            ]
        ],
        "RaR-alpha-0.2": [
            [
                23.875422600000093,
                23.96790269999974,
                24.840932000000066,
                25.52223550000008,
                29.421234899999945
            ]
        ]
    },
    "0.5": {
        "RaR-alpha-0": [
            [
                33.41567400000031,
                36.4587204999998,
                41.71827639999992,
                34.063245800000004,
                25.587037099999634
            ]
        ],
        "RaR-alpha-0.1": [
            [
                35.33446730000014,
                40.34060709999994,
                38.254192200000034,
                26.967870500000117,
                25.886096199999884
            ]
        ],
        "RaR-alpha-0.2": [
            [
                35.6702264999999,
                39.892778100000214,
                36.8172854000004,
                26.124853000000257,
                29.857584100000167
            ]
        ]
    },
    "0.6": {
        "RaR-alpha-0": [
            [
                30.236424799999895,
                38.14542170000004,
                42.058843499999966,
                43.53763879999997,
                41.17477680000002
            ]
        ],
        "RaR-alpha-0.1": [
            [
                31.538805500000308,
                45.693116100000225,
                39.20244410000032,
                42.48825960000022,
                44.58937220000007
            ]
        ],
        "RaR-alpha-0.2": [
            [
                30.39027010000018,
                46.45712599999979,
                41.50706339999988,
                43.32291759999998,
                43.33239940000021
            ]
        ]
    },
    "0.7": {
        "RaR-alpha-0": [
            [
                44.79418870000018,
                43.582541499999934,
                43.24778529999958,
                44.336163399999805,
                42.54704849999962
            ]
        ],
        "RaR-alpha-0.1": [
            [
                43.76805540000032,
                44.11292600000024,
                44.30801549999978,
                45.37405439999975,
                45.00112160000026
            ]
        ],
        "RaR-alpha-0.2": [
            [
                44.27209649999986,
                46.058416899999884,
                45.281350900000234,
                43.12153480000006,
                42.708565400000225
            ]
        ]
    },
    "0.8": {
        "RaR-alpha-0": [
            [
                42.660978399999294,
                43.430158299999675,
                42.97358560000066,
                44.222245300000395,
                45.78967790000024
            ]
        ],
        "RaR-alpha-0.1": [
            [
                44.90316509999957,
                44.501241499999196,
                44.91136610000012,
                45.29226840000047,
                45.783514800000376
            ]
        ],
        "RaR-alpha-0.2": [
            [
                43.51605830000062,
                44.61099920000015,
                46.12478259999989,
                45.36894190000021,
                47.751274000000194
            ]
        ]
    },
    "0.9": {
        "RaR-alpha-0": [
            [
                46.528641900000366,
                45.535179500000595,
                46.00439970000025,
                46.73582290000013,
                46.03344130000005
            ]
        ],
        "RaR-alpha-0.1": [
            [
                45.63650980000057,
                46.32748410000022,
                46.53521120000005,
                46.84470109999984,
                45.636198799999875
            ]
        ],
        "RaR-alpha-0.2": [
            [
                46.01813899999979,
                48.79558249999991,
                45.067876799999794,
                47.17090039999948,
                46.37857340000028
            ]
        ]
    }
}