{
    "0.0": {
        "RaR-distance": [
            [
                15.9951159,
                12.506452700000004
            ]
        ],
        "RaR-radius": [
            [
                13.306291100000001,
                12.410564499999992
            ]
        ],
        "RaR-multi": [
            [
                14.631973599999998,
                13.109960399999991
            ]
        ],
        "MICE + RaR": [
            [
                12.8220095,
                12.259987800000005
            ]
        ]
    },
    "0.1": {
        "RaR-distance": [
            [
                577.5478054,
                579.9882756999998
            ]
        ],
        "RaR-radius": [
            [
                585.2987299,
                579.9245516999999
            ]
        ],
        "RaR-multi": [
            [
                171.94870459999993,
                183.08646020000015
            ]
        ],
        "MICE + RaR": [
            [
                556.5497585,
                555.2211182000001
            ]
        ]
    }
}