{
    "0.0": {
        "RaR-category": [
            [
                9.2266888,
                11.5641793,
                10.787001799999999,
                10.605331000000007,
                17.250538799999987
            ]
        ],
        "RaR-partial": [
            [
                9.2822845,
                10.053023300000007,
                12.359977299999997,
                12.583284200000008,
                17.187504200000006
            ]
        ],
        "RaR-proba": [
            [
                9.312248500000003,
                10.136958399999997,
                10.398234899999991,
                18.382755300000014,
                17.49821989999998
            ]
        ],
        "MEAN + RaR": [
            [
                9.652645199999998,
                10.166424000000006,
                10.342374400000011,
                18.1892579,
                17.547865900000033
            ]
        ],
        "DELETION + RaR": [
            [
                11.6372121,
                11.21278869999999,
                10.646447099999989,
                17.8697851,
                17.543243399999994
            ]
        ]
    },
    "0.1": {
        "RaR-category": [
            [
                21.255235700000014,
                22.490294000000006,
                16.467425100000014,
                15.36568269999998,
                16.469765900000084
            ]
        ],
        "RaR-partial": [
            [
                19.78754329999998,
                22.014999000000046,
                14.435099700000023,
                14.872187000000054,
                15.002858199999991
            ]
        ],
        "RaR-proba": [
            [
                99.75970869999998,
                84.32968919999996,
                76.35535819999996,
                73.65460200000007,
                101.8384152000001
            ]
        ],
        "MEAN + RaR": [
            [
                17.770407299999988,
                14.39095420000001,
                11.85572400000001,
                11.267705399999954,
                20.47533850000002
            ]
        ],
        "DELETION + RaR": [
            [
                0.3020068000000151,
                0.19810639999991508,
                0.24141830000007758,
                0.18676040000002558,
                0.3719353000000183
            ]
        ]
    },
    "0.2": {
        "RaR-category": [
            [
                26.441234099999974,
                23.927281200000152,
                24.140144499999906,
                23.47536880000007,
                24.899918900000102
            ]
        ],
        "RaR-partial": [
            [
                19.884156600000097,
                18.395355999999992,
                17.93554230000018,
                18.278537599999936,
                18.384066700000176
            ]
        ],
        "RaR-proba": [
            [
                113.23986229999991,
                111.31205560000012,
                96.04648670000006,
                116.42981910000003,
                113.87799570000016
            ]
        ],
        "MEAN + RaR": [
            [
                15.996264899999915,
                15.449356600000101,
                15.837473400000135,
                16.00695380000002,
                15.88694529999998
            ]
        ],
        "DELETION + RaR": [
            [
                0.2992506999999023,
                0.29813420000004953,
                0.2977696999998898,
                0.307946099999981,
                0.302889900000082
            ]
        ]
    },
    "0.3": {
        "RaR-category": [
            [
                26.97344010000006,
                22.00647869999989,
                28.013599299999896,
                26.879720599999928,
                26.84438339999997
            ]
        ],
        "RaR-partial": [
            [
                12.667059800000061,
                13.327442900000051,
                18.239175599999726,
                18.555826900000284,
                19.79742729999998
            ]
        ],
        "RaR-proba": [
            [
                95.06156499999997,
                118.66960689999996,
                133.89735740000015,
                128.45848099999967,
                117.19689610000023
            ]
        ],
        "MEAN + RaR": [
            [
                11.269450500000175,
                14.828080300000238,
                15.882025900000372,
                16.45333010000013,
                15.260515800000121
            ]
        ],
        "DELETION + RaR": [
            [
                0.24155500000006214,
                0.31900339999992866,
                0.305108300000029,
                0.3158450000000812,
                0.3152628000002551
            ]
        ]
    },
    "0.4": {
        "RaR-category": [
            [
                29.436338700000306,
                29.16621690000011,
                27.845468099999835,
                19.623694800000067,
                30.058147400000053
            ]
        ],
        "RaR-partial": [
            [
                19.40315529999998,
                19.336908600000243,
                12.653448900000058,
                12.717126200000166,
                18.789605000000392
            ]
        ],
        "RaR-proba": [
            [
                153.73344700000007,
                149.58597999999984,
                130.39931119999983,
                143.87772689999974,
                153.09226810000018
            ]
        ],
        "MEAN + RaR": [
            [
                14.196267100000114,
                14.560293600000023,
                9.800265200000013,
                16.85140969999975,
                14.139031199999863
            ]
        ],
        "DELETION + RaR": [
            [
                0.30620589999989534,
                0.3006884999999784,
                0.22850700000026336,
                0.3867089999998825,
                0.30733280000004015
            ]
        ]
    },
    "0.5": {
        "RaR-category": [
            [
                25.66024789999983,
                26.14328400000022,
                27.554700600000615,
                24.81539900000007,
                27.24723340000037
            ]
        ],
        "RaR-partial": [
            [
                20.49766129999989,
                20.519105500000023,
                23.840739700000086,
                13.463279699999475,
                21.45147840000027
            ]
        ],
        "RaR-proba": [
            [
                168.98563420000028,
                178.53072070000053,
                178.0536559000002,
                159.7878327999997,
                180.78137170000082
            ]
        ],
        "MEAN + RaR": [
            [
                14.615966500000013,
                14.600973000000522,
                14.625213299999814,
                15.232033500000398,
                14.853409800000009
            ]
        ],
        "DELETION + RaR": [
            [
                0.3092283999999381,
                0.3138192999995226,
                0.31333970000014233,
                0.3244745000001785,
                0.3271259999992253
            ]
        ]
    },
    "0.6": {
        "RaR-category": [
            [
                18.09086980000029,
                18.86362099999951,
                20.857695499999863,
                21.633638299999802,
                11.172346800000014
            ]
        ],
        "RaR-partial": [
            [
                23.936567199999445,
                25.19017200000053,
                24.00271630000043,
                24.63571580000007,
                13.518159899999773
            ]
        ],