{
    "0.0": {
        "RaR-alpha-AS-50": [
            [
                0.7390196,
                0.7278455000000008,
                0.9366889,
                1.021255200000006,
                1.303727000000002
            ]
        ],
        "RaR-alpha-AS-145": [
            [
                1.2571536,
                1.1009391999999991,
                1.2756029000000026,
                1.451767800000006,
                2.009540600000001
            ]
        ],
        "RaR-alpha-AS-290": [
            [
                1.8377641000000002,
                1.7896090999999998,
                2.5818667000000026,
                2.216398000000005,
                2.7619842999999946
            ]
        ],
        "RaR-alpha-50": [
            [
                0.5738064,
                0.589315599999999,
                0.7543194,
                0.7870404000000022,
                0.7449952999999994
            ]
        ],
        "RaR-alpha-145": [
            [
                0.9262905999999997,
                0.9944408000000013,
                1.2151084000000019,
                1.2825381999999976,
                1.102316099999996
            ]
        ],
        "RaR-alpha-290": [
            [
                1.4482093000000003,
                2.1766708999999995,
                2.3707719999999988,
                1.9740618000000012,
                2.104665600000004
            ]
        ],
        "RaR-alpha-580": [
            [
                2.9553222000000003,
                3.7164667000000016,
                4.336353299999995,
                3.580091000000003,
                3.2418388000000036
            ]
        ]
    },
    "0.1": {
        "RaR-alpha-AS-50": [
            [
                0.7891922999999963,
                0.8538982999999973,
                0.8743738000000008,
                0.8014009000000044,
                0.784021899999999
            ]
        ],
        "RaR-alpha-AS-145": [
            [
                1.3599799000000061,
                1.172376099999994,
                1.3185166000000095,
                1.2971694999999954,
                1.1832933999999966
            ]
        ],
        "RaR-alpha-AS-290": [
            [
                1.8996347,
                2.179896400000004,
                2.2453536999999955,
                2.1664071999999948,
                1.9479378999999994
            ]
        ],
        "RaR-alpha-50": [
            [
                0.6681729999999959,
                0.6352341000000052,
                0.7543622999999968,
                0.6219492999999972,
                0.6625805000000042
            ]
        ],
        "RaR-alpha-145": [
            [
                1.0992887000000024,
                1.230961899999997,
                1.159187799999998,
                1.1299860999999964,
                1.0565086999999949
            ]
        ],
        "RaR-alpha-290": [
            [
                1.76983460000001,
                1.962280899999996,
                1.7056387000000086,
                1.8251810999999947,
                1.6778941999999972
            ]
        ],
        "RaR-alpha-580": [
            [
                3.4122859999999946,
                3.266637000000003,
                3.026420299999998,
                3.1047698999999938,
                3.1903787999999906
            ]
        ]
    },
    "0.2": {
        "RaR-alpha-AS-50": [
            [
                1.0945773999999915,
                0.8478599000000031,
                0.8259797999999989,
                0.8914890000000071,
                0.7978583000000015
            ]
        ],
        "RaR-alpha-AS-145": [
            [
                1.4944771999999915,
                1.2704595999999952,
                1.2388713999999936,
                1.2086299000000054,
                1.0529165000000091
            ]
        ],
        "RaR-alpha-AS-290": [
            [
                2.1733295000000084,
                1.8220589000000018,
                1.8268315999999913,
                1.7008902999999975,
                1.7647845000000189
            ]
        ],
        "RaR-alpha-50": [
            [
                0.8079998000000046,
                0.64697910000001,
                0.6691572999999948,
                0.6406524999999874,
                0.6369501000000071
            ]
        ],
        "RaR-alpha-145": [
            [
                1.0926309999999972,
                0.9837910999999906,
                0.9848001000000011,
                0.952484400000003,
                0.9719249000000048
            ]
        ],
        "RaR-alpha-290": [
            [
                1.7665652000000023,
                1.400011500000005,
                1.5101472000000058,
                1.4482678999999905,
                1.5228804999999852
            ]
        ],
        "RaR-alpha-580": [
            [
                2.8935768999999993,
                2.4482811000000027,
                2.509000900000018,
                2.43426869999999,
                2.551797399999998
            ]
        ]
    },
    "0.3": {
        "RaR-alpha-AS-50": [
            [
                0.7227914000000055,
                0.7557760999999914,
                0.7325045000000046,
                0.9263746999999967,
                0.8399175999999784
            ]
        ],
        "RaR-alpha-AS-145": [
            [
                1.051365000000004,
                1.1036300999999753,
                1.0318163000000027,
                1.0931383999999866,
                1.1180650000000014
            ]
        ],
        "RaR-alpha-AS-290": [
            [
                1.5040352000000041,
                1.676028500000001,
                1.8009840999999938,
                1.4918091000000118,
                1.8964564000000053
            ]
        ],
        "RaR-alpha-50": [
            [
                0.5986356999999884,
                0.6081679999999778,
                0.7905145999999945,
                0.6713496000000134,
                1.0736906000000204
            ]
        ],
        "RaR-alpha-145": [
            [
                0.8932321999999999,
                0.9094522999999981,
                0.9846833999999944,
                1.1157263000000057,
                1.276307299999985
            ]
        ],
        "RaR-alpha-290": [
            [
                1.3153039000000035,
                1.2434358000000145,
                1.5062891000000036,
                1.3347401000000048,
                1.60209660000001
            ]
        ],
        "RaR-alpha-580": [
            [
                2.1809921999999915,
                2.0951955999999825,
                2.518436699999995,
                2.091671400000024,
                2.2828732000000116
            ]
        ]
    },
    "0.4": {
        "RaR-alpha-AS-50": [
            [
                0.7941933999999833,
                0.7835823000000062,
                0.7055479999999932,
                0.8735427000000016,
                0.7539764999999932
            ]
        ],
        "RaR-alpha-AS-145": [
            [
                1.016836899999987,
                1.0801365999999746,
                0.9663649999999961,
                1.084250400000002,
                0.9475051000000008
            ]
        ],
        "RaR-alpha-AS-290": [
            [
                2.0314887000000112,
                1.5299554000000057,
                1.9192362999999943,
                1.7664007999999853,
                1.6598829999999793
            ]
        ],
        "RaR-alpha-50": [
            [
                0.998026799999991,
                0.7091772999999932,
                0.9340776999999889,
                0.6201169999999934,
                0.715841700000027
            ]
        ],