{
    "0.0": {
        "Baseline": [
            [
                0.0774856,
                0.102527699999996,
                0.08143519999998716,
                0.0775032999999894,
                0.08176949999995031
            ]
        ],
        "XGBoost": [
            [
                19.413475899999998,
                20.792808200000024,
                22.05296839999994,
                20.80508839999993,
                20.63711849999993
            ]
        ],
        "Relief": [
            [
                0.6748651999999993,
                0.6947394000000031,
                0.7995333000000073,
                0.9339288999999553,
                0.8032877999999073
            ]
        ],
        "FCBF": [
            [
                2.199569499999999,
                1.6315030000000093,
                1.797333999999978,
                2.785443999999984,
                1.7311171999999715
            ]
        ],
        "Random Forest": [
            [
                0.611687400000001,
                0.6150668000000223,
                0.6512162000000217,
                0.8358938999999737,
                0.5380640999999287
            ]
        ],
        "MRMR": [
            [
                235.7220117,
                226.1506359,
                220.23270679999996,
                228.6007025,
                229.46431260000008
            ]
        ]
    },
    "0.1": {
        "Baseline": [
            [
                0.10088980000000447,
                0.09683240000003934,
                0.07391069999994215,
                0.07095699999990757,
                0.0699933000000783
            ]
        ],
        "XGBoost": [
            [
                20.997523399999864,
                20.507072899999912,
                16.954398800000035,
                15.880006699999967,
                15.543613599999844
            ]
        ],
        "Relief": [
            [
                1.657769700000017,
                1.6483213999999862,
                1.4628308999999717,
                1.3286258000000544,
                1.30166810000037
            ]
        ],
        "FCBF": [
            [
                7.223391300000003,
                8.682980199999975,
                6.307956800000056,
                5.170245400000113,
                5.791546399999788
            ]
        ],
        "Random Forest": [
            [
                0.6597807000000557,
                1.0026468999999452,
                0.5084961000000021,
                0.44818119999990813,
                0.5240646000002016
            ]
        ],
        "MRMR": [
            [
                234.93861850000008,
                218.21350150000012,
                168.38638149999997,
                157.3452425999999,
                155.89499549999982
            ]
        ]
    },
    "0.2": {
        "Baseline": [
            [
                0.07408970000005866,
                0.07223260000000664,
                0.07166929999993954,
                0.0723310000003039,
                0.13121049999972456
            ]
        ],
        "XGBoost": [
            [
                15.450785300000007,
                14.4252591999998,
                14.57985090000011,
                16.440801400000055,
                28.89474280000013
            ]
        ],
        "Relief": [
            [
                1.9319401000002472,
                1.8296657000000778,
                1.8254738999999063,
                1.955330100000083,
                3.016905500000121
            ]
        ],
        "FCBF": [
            [
                5.140786299999945,
                6.246986399999969,
                4.767251499999929,
                6.024198000000069,
                10.237195000000156
            ]
        ],
        "Random Forest": [
            [
                0.45300340000039796,
                0.46754520000013144,
                0.4514189000001352,
                0.5066354999999021,
                1.0195217000000412
            ]
        ],
        "MRMR": [
            [
                152.23132989999976,
                155.44765329999973,
                156.50460669999984,
                238.09858620000023,
                320.9330195000002
            ]
        ]
    },
    "0.3": {
        "Baseline": [
            [
                0.092538599999898,
                0.1292146999999204,
                0.1399741000004724,
                0.13935420000052545,
                0.09519629999977042
            ]
        ],
        "XGBoost": [
            [
                20.245793499999763,
                29.865532799999983,
                29.994738600000346,
                29.611478400000124,
                20.911443599999984
            ]
        ],
        "Relief": [
            [
                2.701153299999987,
                3.673113100000137,
                3.5121195000001535,
                3.67156470000009,
                2.8922078999994483
            ]
        ],
        "FCBF": [
            [
                6.226405200000045,
                10.55872219999992,
                9.530872600000293,
                9.082326400000056,
                6.440612299999884
            ]
        ],
        "Random Forest": [
            [
                0.6768750000001091,
                1.0072058999999172,
                0.9960756999998921,
                0.9761728999992556,
                0.6934575999994195
            ]
        ],
        "MRMR": [
            [
                242.0731998000001,
                388.2471722,
                340.6474680000001,
                258.9182116000002,
                370.0400477000003
            ]
        ]
    },
    "0.4": {
        "Baseline": [
            [
                0.14901479999934963,
                0.15054629999940516,
                0.09339330000057089,
                0.15008410000064032,
                0.14116800000010699
            ]
        ],
        "XGBoost": [
            [
                30.298892899999373,
                30.502986800000144,
                20.46098770000026,
                30.065161100000296,
                30.120471199999884
            ]
        ],
        "Relief": [
            [
                3.974102299999686,
                3.980620799999997,
                3.8977586999999403,
                3.9589640000003783,
                3.9789509000002
            ]
        ],
        "FCBF": [
            [
                9.12648900000022,
                9.139535199999955,
                8.296982100000605,
                8.230521299999964,
                8.752545700000155
            ]
        ],
        "Random Forest": [
            [
                1.0034992999999304,
                1.0356298999995488,
                0.9285367999991649,
                1.0073673000006238,
                1.005609199999526
            ]
        ],
        "MRMR": [
            [
                338.05830310000056,
                358.97677120000026,
                324.9611369000004,
                369.5467684000005,
                386.16867619999994
            ]
        ]
    },
    "0.5": {
        "Baseline": [
            [
                0.14042179999978543,
                0.1460599000001821,
                0.14263979999941512,
                0.1448858999992808,
                0.07598180000059074
            ]
        ],
        "XGBoost": [
            [
                30.12247639999987,
                30.481898600000022,
                28.419710199999827,
                30.840000000000146,
                17.543247300000075
            ]
        ],
        "Relief": [
            [
                4.05199040000025,
                4.081575000000157,
                3.1165451000006215,
                4.120777200001612,
                3.525111699998888
            ]
        ],