{
    "0.0": {
        "RaR-alpha-0": [
            [
                2.3297988000000003,
                2.964010599999999,
                2.0335754,
                2.0894321,
                2.0759475999999992
            ]
        ],
        "RaR-alpha-0.1": [
            [
                2.4319359,
                2.8256625,
                2.3763654999999986,
                1.9833385000000021,
                1.8891780000000011
            ]
        ],
        "RaR-alpha-0.2": [
            [
                2.2109631,
                2.5452522999999996,
                2.0797054000000017,
                2.089006300000001,
                1.9993294999999982
            ]
        ]
    },
    "0.1": {
        "RaR-alpha-0": [
            [
                1.8428437999999971,
                1.8759762000000038,
                1.9311310999999947,
                1.8058202999999935,
                1.8946406000000025
            ]
        ],
        "RaR-alpha-0.1": [
            [
                1.9095997000000011,
                1.8366216000000009,
                1.884795099999998,
                2.178252999999998,
                1.8332732000000007
            ]
        ],
        "RaR-alpha-0.2": [
            [
                1.8431860000000029,
                1.9792012999999997,
                1.8131903000000023,
                1.9859982000000045,
                1.7046231999999932
            ]
        ]
    },
    "0.2": {
        "RaR-alpha-0": [
            [
                1.7046549000000013,
                1.6772028999999975,
                1.5923370000000006,
                1.5445019999999943,
                1.5786257000000035
            ]
        ],
        "RaR-alpha-0.1": [
            [
                1.9005161000000044,
                1.6756764000000004,
                1.5938909000000052,
                1.54496189999999,
                1.6010173000000094
            ]
        ],
        "RaR-alpha-0.2": [
            [
                1.8368706000000117,
                1.6449850999999995,
                1.683815800000005,
                1.6452102000000082,
                1.5805434999999903
            ]
        ]
    },
    "0.3": {
        "RaR-alpha-0": [
            [
                1.3663232000000107,
                1.4673212999999947,
                1.4811389999999989,
                1.346322200000003,
                1.3527634000000006
            ]
        ],
        "RaR-alpha-0.1": [
            [
                1.411576199999999,
                1.6849131000000028,
                1.429398500000005,
                1.5555755999999974,
                1.387593900000013
            ]
        ],
        "RaR-alpha-0.2": [
            [
                1.399552899999989,
                1.7838715999999977,
                1.3782919999999876,
                1.3383826999999968,
                1.4827803999999958
            ]
        ]
    },
    "0.4": {
        "RaR-alpha-0": [
            [
                1.2455125999999979,
                1.3614462000000032,
                1.377960999999999,
                1.3095207000000073,
                1.2405333999999897
            ]
        ],
        "RaR-alpha-0.1": [
            [
                1.3679811000000086,
                1.3927744000000075,
                1.3495764000000037,
                1.306379800000002,
                1.3969439000000108
            ]
        ],
        "RaR-alpha-0.2": [
            [
                1.298495900000006,
                1.345078099999995,
                1.4285902999999962,
                1.3794613000000027,
                1.4322622999999908
            ]
        ]
    },
    "0.5": {
        "RaR-alpha-0": [
            [
                1.297239300000001,
                1.553600700000004,
                1.6121593000000018,
                2.037015600000018,
                1.8104299000000026
            ]
        ],
        "RaR-alpha-0.1": [
            [
                1.2890235999999788,
                1.5216515000000186,
                1.4705121000000076,
                2.3544375000000173,
                1.4504967999999963
            ]
        ],
        "RaR-alpha-0.2": [
            [
                1.350336800000008,
                1.8842919999999879,
                1.8128281999999842,
                2.238718800000015,
                1.4632580999999902
            ]
        ]
    },
    "0.6": {
        "RaR-alpha-0": [
            [
                1.4653912999999932,
                1.4419818000000078,
                1.3721303000000091,
                1.3258599999999774,
                1.4685819999999978
            ]
        ],
        "RaR-alpha-0.1": [
            [
                1.4428594999999973,
                1.4380481000000032,
                1.2835488000000055,
                1.8849157999999875,
                1.4912218999999993
            ]
        ],
        "RaR-alpha-0.2": [
            [
                1.4747410999999886,
                1.5386479000000008,
                1.3297019999999975,
                1.6215325999999948,
                1.650123700000023
            ]
        ]
    },
    "0.7": {
        "RaR-alpha-0": [
            [
                1.4897543999999812,
                1.5681903999999918,
                1.4332722999999987,
                1.4676682999999855,
                1.4199476000000004
            ]
        ],
        "RaR-alpha-0.1": [
            [
                1.7461110000000133,
                1.683382000000023,
                1.5003911000000016,
                1.9137905999999987,
                1.4185857999999882
            ]
        ],
        "RaR-alpha-0.2": [
            [
                1.45039349999999,
                1.6443367999999907,
                1.4226376999999957,
                1.4900181999999802,
                1.4690421999999899
            ]
        ]
    },
    "0.8": {
        "RaR-alpha-0": [
            [
                1.384476300000017,
                1.4300482000000159,
                1.384506000000016,
                1.4348430000000008,
                1.497974599999992
            ]
        ],
        "RaR-alpha-0.1": [
            [
                1.555614399999996,
                1.4713438999999937,
                1.4567632000000117,
                1.4738643000000025,
                1.5008267999999987
            ]
        ],
        "RaR-alpha-0.2": [
            [
                1.4878772999999796,
                1.5101311999999893,
                1.4499584999999797,
                1.5083225999999854,
                1.4204024000000004
            ]
        ]
    }
}