{
    "0.0": {
        "RaR-alpha-AS-50": [
            [
                4.8240695,
                4.855464099999999,
                4.393983200000008,
                4.84338120000001,
                4.548217300000005
            ]
        ],
        "RaR-alpha-AS-145": [
            [
                5.8699949,
                6.143478900000005,
                6.281204899999992,
                6.139484100000004,
                6.038424200000009
            ]
        ],
        "RaR-alpha-AS-290": [
            [
                10.6932707,
                8.788980099999996,
                8.452629799999997,
                8.668972999999994,
                7.616086800000005
            ]
        ],
        "RaR-alpha-50": [
            [
                4.019231000000001,
                3.815367100000003,
                3.972120700000005,
                3.747945900000019,
                3.3026040000000023
            ]
        ],
        "RaR-alpha-145": [
            [
                5.232584499999998,
                5.2859187000000105,
                5.110825700000007,
                4.758702099999994,
                5.118128000000013
            ]
        ],
        "RaR-alpha-290": [
            [
                7.378597600000003,
                7.220351300000004,
                7.24189539999999,
                7.522372199999978,
                7.186743700000022
            ]
        ],
        "RaR-alpha-580": [
            [
                8.061657400000001,
                7.849456799999999,
                8.065924399999986,
                8.45596470000001,
                9.757892400000003
            ]
        ]
    },
    "0.1": {
        "RaR-alpha-AS-50": [
            [
                8.54308610000001,
                10.147990400000026,
                10.772638700000016,
                9.514286099999936,
                8.67606139999998
            ]
        ],
        "RaR-alpha-AS-145": [
            [
                11.548570100000006,
                12.923759699999948,
                14.275805099999957,
                15.607054100000028,
                12.610933600000067
            ]
        ],
        "RaR-alpha-AS-290": [
            [
                17.659453400000018,
                17.287394800000015,
                19.407830899999965,
                22.958615699999996,
                18.30410590000008
            ]
        ],
        "RaR-alpha-50": [
            [
                6.609214100000031,
                6.4178794999999695,
                7.221833800000013,
                6.399352600000043,
                8.39842299999998
            ]
        ],
        "RaR-alpha-145": [
            [
                9.606681200000025,
                9.285517900000002,
                10.979872999999998,
                12.922985499999982,
                12.151007100000015
            ]
        ],
        "RaR-alpha-290": [
            [
                14.093368999999996,
                14.317792199999985,
                15.723449700000003,
                17.051774199999954,
                18.784175799999957
            ]
        ],
        "RaR-alpha-580": [
            [
                23.385876300000007,
                23.815042500000004,
                23.347537999999986,
                26.448481600000036,
                24.57497269999999
            ]
        ]
    },
    "0.2": {
        "RaR-alpha-AS-50": [
            [
                11.091355200000066,
                10.821287600000005,
                8.980804899999953,
                9.21906249999995,
                8.9468667000001
            ]
        ],
        "RaR-alpha-AS-145": [
            [
                12.103836800000067,
                11.886295800000084,
                11.455840400000056,
                11.596068299999956,
                12.451381900000115
            ]
        ],
        "RaR-alpha-AS-290": [
            [
                16.578312600000004,
                16.752569600000015,
                17.486400799999956,
                19.280363800000032,
                20.958314399999836
            ]
        ],
        "RaR-alpha-50": [
            [
                6.3740340000000515,
                7.424102199999993,
                10.617932600000017,
                6.759384699999828,
                7.558698000000049
            ]
        ],
        "RaR-alpha-145": [
            [
                9.779089799999952,
                9.428313200000048,
                10.459364100000016,
                8.904017600000088,
                10.709898600000088
            ]
        ],
        "RaR-alpha-290": [
            [
                17.017082000000073,
                14.217486000000008,
                15.356372800000031,
                12.58081500000003,
                18.292544500000076
            ]
        ],
        "RaR-alpha-580": [
            [
                23.719075900000007,
                20.127890099999945,
                22.90715720000003,
                19.274726200000032,
                23.395695499999874
            ]
        ]
    },
    "0.3": {
        "RaR-alpha-AS-50": [
            [
                9.043123299999934,
                7.938400400000091,
                9.135719999999992,
                8.823885799999971,
                7.961642999999867
            ]
        ],
        "RaR-alpha-AS-145": [
            [
                10.229212299999972,
                10.64250519999996,
                12.793849900000168,
                11.618804700000055,
                10.506409900000108
            ]
        ],
        "RaR-alpha-AS-290": [
            [
                15.304582499999924,
                17.938356800000065,
                14.653275599999915,
                16.40110209999989,
                13.661497000000054
            ]
        ],
        "RaR-alpha-50": [
            [
                6.9227240000000165,
                6.229912699999886,
                7.07619990000012,
                6.783282999999983,
                6.544393099999979
            ]
        ],
        "RaR-alpha-145": [
            [
                8.561279999999897,
                8.295318599999973,
                9.512045799999896,
                9.300349099999949,
                8.707670200000166
            ]
        ],
        "RaR-alpha-290": [
            [
                12.504558300000099,
                15.493453499999987,
                13.352217699999983,
                12.096292200000107,
                11.832097000000203
            ]
        ],
        "RaR-alpha-580": [
            [
                17.678503800000044,
                21.755145399999947,
                19.682682600000135,
                18.64049100000011,
                17.704619499999808
            ]
        ]
    },
    "0.4": {
        "RaR-alpha-AS-50": [
            [
                7.216126499999973,
                6.896334700000125,
                6.574781999999914,
                6.56383199999982,
                6.574911400000019
            ]
        ],
        "RaR-alpha-AS-145": [
            [
                9.743906800000104,
                8.443986499999937,
                8.182739100000163,
                8.870862700000089,
                8.779342499999984
            ]
        ],
        "RaR-alpha-AS-290": [
            [
                13.38192869999989,
                11.343861399999923,
                11.696442599999955,
                11.754212900000084,
                11.36748949999992
            ]
        ],
        "RaR-alpha-50": [
            [
                6.632955799999991,
                5.534366000000091,
                5.647336399999858,
                5.373547099999996,
                5.3899573000001055
            ]
        ],