{
    "0.0": {
        "RaR-deletion": [
            [
                12.847844,
                11.823306200000001,
                11.872928599999995,
                16.8343292,
                12.74006
            ]
        ],
        "RaR-alpha": [
            [
                12.0489962,
                13.368216500000003,
                13.038474199999996,
                16.005436999999986,
                13.394044999999991
            ]
        ]
    },
    "0.1": {
        "RaR-deletion": [
            [
                14.770576000000005,
                15.823861000000022,
                15.002309000000025,
                14.702735399999995,
                14.908514400000001
            ]
        ],
        "RaR-alpha": [
            [
                48.76851640000001,
                47.96602949999999,
                47.06711229999996,
                48.23694769999997,
                47.936990200000025
            ]
        ]
    },
    "0.2": {
        "RaR-deletion": [
            [
                18.933216900000048,
                16.897047799999996,
                15.955332500000054,
                17.289509199999998,
                16.421502499999974
            ]
        ],
        "RaR-alpha": [
            [
                42.5869907,
                43.66301980000003,
                42.138478700000064,
                42.113203699999985,
                45.25374980000004
            ]
        ]
    },
    "0.3": {
        "RaR-deletion": [
            [
                20.184922899999947,
                19.277046100000007,
                17.73228389999997,
                19.52939409999999,
                19.823997599999984
            ]
        ],
        "RaR-alpha": [
            [
                37.96778589999997,
                35.0445471999999,
                35.231690399999934,
                34.929421899999966,
                34.52659579999988
            ]
        ]
    },
    "0.4": {
        "RaR-deletion": [
            [
                19.992884700000104,
                20.44401370000014,
                20.161693999999898,
                20.621400799999947,
                20.70368580000013
            ]
        ],
        "RaR-alpha": [
            [
                29.679382000000032,
                31.36451409999995,
                31.62617309999996,
                32.739102199999934,
                31.44998439999995
            ]
        ]
    },
    "0.5": {
        "RaR-deletion": [
            [
                18.843476599999804,
                18.418837000000167,
                18.687337500000012,
                19.04608619999999,
                20.923401300000023
            ]
        ],
        "RaR-alpha": [
            [
                32.804072500000075,
                35.255683999999974,
                33.12512289999995,
                33.12396149999995,
                32.69689729999982
            ]
        ]
    },
    "0.6": {
        "RaR-deletion": [
            [
                14.05070139999998,
                13.129752600000074,
                13.59486579999998,
                10.763552899999922,
                11.261424000000034
            ]
        ],
        "RaR-alpha": [
            [
                33.57252429999994,
                35.5480200999998,
                29.815515400000095,
                30.22049220000008,
                30.429902399999946
            ]
        ]
    },
    "0.7": {
        "RaR-deletion": [
            [
                6.465402900000072,
                5.783403099999987,
                5.7965725000001385,
                6.071017700000084,
                6.6070007000000714
            ]
        ],
        "RaR-alpha": [
            [
                30.64401810000004,
                26.58058619999997,
                27.32889880000016,
                28.308409999999867,
                28.075650300000007
            ]
        ]
    },
    "0.8": {
        "RaR-deletion": [
            [
                5.721953299999996,
                5.811552499999834,
                5.8621978999999556,
                5.710867499999949,
                5.68291279999994
            ]
        ],
        "RaR-alpha": [
            [
                27.573758500000167,
                27.389474500000006,
                28.296436399999948,
                27.204253100000187,
                28.18283859999974
            ]
        ]
    },
    "0.9": {
        "RaR-deletion": [
            [
                6.8210886000001665,
                6.486575999999786,
                6.31068039999991,
                6.40720489999967,
                6.255259399999886
            ]
        ],
        "RaR-alpha": [
            [
                27.01793829999997,
                27.022505399999773,
                26.813420899999983,
                27.42098299999998,
                27.451610500000243
            ]
        ]
    }
}