{
    "0.0": {
        "RaR-alpha-0": [
            [
                2.0175246000000002,
                2.055069499999999,
                1.7360037999999989,
                1.9591390000000004,
                1.7289121000000023
            ]
        ],
        "RaR-alpha-0.1": [
            [
                2.1964946000000003,
                2.7491255999999993,
                1.6352130999999996,
                1.6793604000000002,
                1.7769031999999996
            ]
        ],
        "RaR-alpha-0.2": [
            [
                1.9682779999999998,
                2.1493739000000005,
                1.6854392999999988,
                1.9163679999999985,
                1.7077473000000012
            ]
        ]
    },
    "0.1": {
        "RaR-alpha-0": [
            [
                1.4925297999999998,
                1.5228542999999988,
                1.451810100000003,
                2.270389899999998,
                1.5366282999999967
            ]
        ],
        "RaR-alpha-0.1": [
            [
                1.6434035000000016,
                1.729582900000004,
                2.1047692,
                2.100196699999998,
                1.6520981999999975
            ]
        ],
        "RaR-alpha-0.2": [
            [
                1.414900000000003,
                1.6047652000000028,
                2.664495600000002,
                1.5399698000000015,
                1.8549300999999971
            ]
        ]
    },
    "0.2": {
        "RaR-alpha-0": [
            [
                1.763801700000002,
                1.7120147999999986,
                1.698734200000004,
                1.6330382000000014,
                1.6079956000000095
            ]
        ],
        "RaR-alpha-0.1": [
            [
                1.8128309000000016,
                1.6455800000000025,
                1.6149451,
                1.7106507999999963,
                1.54994880000001
            ]
        ],
        "RaR-alpha-0.2": [
            [
                1.6109809000000013,
                1.7388799000000006,
                1.8868056000000024,
                1.8468831000000137,
                1.5878119999999996
            ]
        ]
    },
    "0.3": {
        "RaR-alpha-0": [
            [
                1.6633035999999919,
                1.611799700000006,
                1.7112253000000095,
                1.682520100000005,
                1.720161399999995
            ]
        ],
        "RaR-alpha-0.1": [
            [
                1.6662039999999934,
                1.8429476000000022,
                1.6197153999999898,
                1.5793563999999947,
                1.623338700000005
            ]
        ],
        "RaR-alpha-0.2": [
            [
                1.6381399999999928,
                1.9257380999999896,
                1.5989210999999983,
                1.6221747000000022,
                1.64980580000001
            ]
        ]
    },
    "0.4": {
        "RaR-alpha-0": [
            [
                1.6139241000000055,
                2.0081241999999975,
                1.6711090999999954,
                1.6948928999999993,
                1.6329390000000075
            ]
        ],
        "RaR-alpha-0.1": [
            [
                1.7747700000000037,
                1.966517600000003,
                1.6123024999999984,
                1.6115877000000012,
                1.6710424999999987
            ]
        ],
        "RaR-alpha-0.2": [
            [
                1.6842067000000043,
                1.701273300000011,
                1.8769352000000055,
                1.5890519999999952,
                1.6336991999999952
            ]
        ]
    },
    "0.5": {
        "RaR-alpha-0": [
            [
                1.6687477000000115,
                1.7866779000000008,
                1.739799099999999,
                1.655119500000012,
                1.7029514999999833
            ]
        ],
        "RaR-alpha-0.1": [
            [
                1.758961499999998,
                1.9242816000000005,
                1.785792000000015,
                1.6206232000000114,
                1.7130775999999912
            ]
        ],
        "RaR-alpha-0.2": [
            [
                1.7160258000000113,
                1.7875449999999944,
                1.6995530999999744,
                1.6885899000000109,
                1.7264312000000075
            ]
        ]
    },
    "0.6": {
        "RaR-alpha-0": [
            [
                1.7413378999999907,
                1.6801914000000124,
                1.9338177999999857,
                1.6568732000000068,
                1.863515499999977
            ]
        ],
        "RaR-alpha-0.1": [
            [
                1.7275967000000207,
                1.7289376999999888,
                1.804364200000009,
                1.8031966000000068,
                2.0386222000000203
            ]
        ],
        "RaR-alpha-0.2": [
            [
                1.7576513000000205,
                1.6786811000000057,
                1.7696526999999946,
                1.745434500000016,
                2.317665000000005
            ]
        ]
    },
    "0.7": {
        "RaR-alpha-0": [
            [
                3.2474147000000073,
                1.868424900000008,
                2.0519668999999965,
                1.6955660000000137,
                1.6454899000000012
            ]
        ],
        "RaR-alpha-0.1": [
            [
                2.3828303000000233,
                2.1011099000000115,
                1.9152764000000104,
                1.7607712999999876,
                1.7966921000000013
            ]
        ],
        "RaR-alpha-0.2": [
            [
                1.9072974000000045,
                2.100659400000012,
                1.8371131000000105,
                1.6159595000000024,
                1.9816768000000025
            ]
        ]
    }
}