{
    "0.0": {
        "RaR-alpha-AS-50": [
            [
                1.5725379000000002,
                1.4651820999999998,
                1.6858295999999982,
                1.9951970999999986,
                2.0018843999999945
            ]
        ],
        "RaR-alpha-AS-145": [
            [
                2.3032915,
                2.855938000000002,
                3.3426000000000045,
                3.0921424999999942,
                2.9935742999999917
            ]
        ],
        "RaR-alpha-AS-290": [
            [
                4.456939,
                5.8656535000000005,
                6.807344799999996,
                5.518324800000002,
                5.534161900000001
            ]
        ],
        "RaR-alpha-50": [
            [
                1.1375857000000007,
                1.3154161000000002,
                1.3521350999999981,
                1.3146406999999982,
                1.2869462999999968
            ]
        ],
        "RaR-alpha-145": [
            [
                2.413617799999999,
                3.0015055000000004,
                2.758936899999995,
                2.62462459999999,
                2.637244499999994
            ]
        ],
        "RaR-alpha-290": [
            [
                4.095629500000001,
                5.4267684,
                4.695380499999999,
                4.904898500000002,
                5.221829900000017
            ]
        ],
        "RaR-alpha-580": [
            [
                7.2062767,
                9.876776900000003,
                8.826725299999993,
                8.718315599999997,
                9.405303799999984
            ]
        ]
    },
    "0.1": {
        "RaR-alpha-AS-50": [
            [
                2.0268384999999967,
                2.000735800000001,
                1.9327828000000125,
                1.978262099999995,
                1.8749957999999651
            ]
        ],
        "RaR-alpha-AS-145": [
            [
                3.300997200000012,
                3.565442200000007,
                3.512379299999992,
                3.3321956999999998,
                3.5256124
            ]
        ],
        "RaR-alpha-AS-290": [
            [
                5.942091099999999,
                6.014331399999975,
                6.65907390000001,
                8.238797600000026,
                6.047583099999997
            ]
        ],
        "RaR-alpha-50": [
            [
                1.3211994000000118,
                1.3505952999999806,
                1.870968299999987,
                1.6941079000000059,
                1.3558115999999814
            ]
        ],
        "RaR-alpha-145": [
            [
                2.687006199999985,
                2.811918200000008,
                3.462812100000008,
                3.1852757999999994,
                2.924230399999999
            ]
        ],
        "RaR-alpha-290": [
            [
                5.167582199999998,
                5.153513299999986,
                5.7386866000000225,
                5.097713099999993,
                5.151348199999973
            ]
        ],
        "RaR-alpha-580": [
            [
                9.546558599999997,
                10.751485299999985,
                11.86085030000001,
                9.971960299999978,
                9.375061100000039
            ]
        ]
    },
    "0.2": {
        "RaR-alpha-AS-50": [
            [
                1.8579615000000445,
                2.002602599999989,
                1.9235443000000032,
                1.8473208999999997,
                2.1004568000000177
            ]
        ],
        "RaR-alpha-AS-145": [
            [
                3.340819100000033,
                3.5874382000000082,
                3.868747799999994,
                3.328937099999962,
                4.2509130000000255
            ]
        ],
        "RaR-alpha-AS-290": [
            [
                6.014654699999994,
                6.405860399999995,
                6.83237029999998,
                5.781563699999992,
                6.994169499999998
            ]
        ],
        "RaR-alpha-50": [
            [
                1.3146401000000196,
                1.2980274999999892,
                1.157406299999991,
                1.2692919000000416,
                1.5360563000000411
            ]
        ],
        "RaR-alpha-145": [
            [
                2.8009528000000046,
                3.2775541999999973,
                2.8176525000000083,
                2.7682801999999924,
                3.4249274000000014
            ]
        ],
        "RaR-alpha-290": [
            [
                5.621313100000009,
                5.490972799999952,
                5.548774299999991,
                5.235985800000037,
                7.214910499999974
            ]
        ],
        "RaR-alpha-580": [
            [
                10.544799800000021,
                10.67573120000003,
                9.819194500000037,
                11.03946529999996,
                10.8997655
            ]
        ]
    },
    "0.3": {
        "RaR-alpha-AS-50": [
            [
                2.0118516999999656,
                1.927542399999993,
                1.8753623000000061,
                2.064091899999994,
                1.872397699999965
            ]
        ],
        "RaR-alpha-AS-145": [
            [
                3.664312499999994,
                3.781359000000009,
                3.619489999999928,
                3.5121928000000935,
                3.6067898000000014
            ]
        ],
        "RaR-alpha-AS-290": [
            [
                6.688728099999992,
                6.819778999999983,
                7.141750399999978,
                6.788783999999964,
                6.715010500000062
            ]
        ],
        "RaR-alpha-50": [
            [
                1.9561613000000193,
                1.4520172999999659,
                1.3856453999999303,
                1.368499799999995,
                1.319270500000016
            ]
        ],
        "RaR-alpha-145": [
            [
                3.68955550000004,
                2.9819579999999632,
                2.9231309999998984,
                3.0983668999999736,
                3.014596400000073
            ]
        ],
        "RaR-alpha-290": [
            [
                5.583870600000012,
                5.661602500000072,
                5.59659570000008,
                5.805913299999929,
                5.677688200000034
            ]
        ],
        "RaR-alpha-580": [
            [
                10.910637699999995,
                10.863794799999937,
                10.518035299999951,
                11.151621500000033,
                10.720977299999959
            ]
        ]
    },
    "0.4": {
        "RaR-alpha-AS-50": [
            [
                2.037195900000029,
                1.76842089999991,
                1.6306247999999641,
                1.5268884000000753,
                1.7586859000000459
            ]
        ],
        "RaR-alpha-AS-145": [
            [
                3.901779300000044,
                3.65121170000009,
                3.1761832000000823,
                2.9993292999999994,
                3.458676500000024
            ]
        ],
        "RaR-alpha-AS-290": [
            [
                7.036932800000045,
                6.8364811000000145,
                6.660118699999998,
                5.951161599999978,
                8.252325100000007
            ]
        ],
        "RaR-alpha-50": [
            [
                1.3314093000000184,
                1.4747007999999369,
                1.2497474000000466,
                1.2823161000000027,
                1.2259887000000163
            ]
        ],