{
    "0.0": {
        "RaR-distance": [
            [
                2.0914619,
                2.356239199999999,
                2.2344121999999977,
                3.0437528,
                2.1544396000000035
            ]
        ],
        "RaR-radius": [
            [
                3.0219679000000004,
                3.8817451999999992,
                3.3635126999999976,
                3.2041008999999967,
                3.1210724000000027
            ]
        ],
        "SOFT + RaR": [
            [
                1.7071386000000004,
                1.7180096999999996,
                1.6095243000000004,
                1.4692950999999965,
                1.4520833000000053
            ]
        ],
        "KNN + RaR": [
            [
                1.2400254000000004,
                1.5620594000000025,
                1.560778899999999,
                1.3632059999999981,
                1.2841171000000031
            ]
        ]
    },
    "0.1": {
        "RaR-distance": [
            [
                3.0431568999999996,
                3.9152750999999952,
                5.737972900000003,
                2.7367857999999927,
                2.4181718000000103
            ]
        ],
        "RaR-radius": [
            [
                3.7530027999999973,
                3.8259417000000013,
                3.90767120000001,
                3.3140851,
                2.992664600000012
            ]
        ],
        "SOFT + RaR": [
            [
                1.8502791000000016,
                1.8363130999999981,
                1.4686813999999941,
                1.6235168999999985,
                1.3326173999999895
            ]
        ],
        "KNN + RaR": [
            [
                2.167346000000002,
                1.5071162999999999,
                1.2945173000000096,
                1.3520928000000083,
                1.1966761000000048
            ]
        ]
    },
    "0.2": {
        "RaR-distance": [
            [
                2.5123047000000014,
                2.3626847000000026,
                2.396999199999996,
                2.456227499999997,
                2.489157800000015
            ]
        ],
        "RaR-radius": [
            [
                2.8999708000000055,
                2.901331600000006,
                2.923550000000006,
                2.785754400000002,
                2.865341000000001
            ]
        ],
        "SOFT + RaR": [
            [
                1.3061857000000003,
                1.3914386000000007,
                1.2906400000000104,
                1.3414628000000022,
                1.3244704999999897
            ]
        ],
        "KNN + RaR": [
            [
                1.2949313000000018,
                1.164176299999994,
                1.1233732000000032,
                1.1888191999999975,
                1.2663508000000263
            ]
        ]
    },
    "0.3": {
        "RaR-distance": [
            [
                2.4867135000000076,
                2.4529281000000083,
                2.2656645999999796,
                2.4417709999999886,
                2.367806200000018
            ]
        ],
        "RaR-radius": [
            [
                2.7716278999999986,
                2.732134000000002,
                2.935790400000002,
                2.6990161999999884,
                3.174368900000019
            ]
        ],
        "SOFT + RaR": [
            [
                1.3419550999999785,
                1.311682300000001,
                1.2524325999999917,
                1.2893490999999813,
                1.7748618999999906
            ]
        ],
        "KNN + RaR": [
            [
                1.1790063999999916,
                1.346171400000003,
                1.215891499999998,
                1.2844441999999958,
                1.257504900000015
            ]
        ]
    },
    "0.4": {
        "RaR-distance": [
            [
                2.6002747,
                3.8571044999999913,
                2.2502376999999854,
                2.5574885999999992,
                2.452021699999989
            ]
        ],
        "RaR-radius": [
            [
                2.5930633000000114,
                2.6108097999999984,
                2.433479800000015,
                2.5770076000000017,
                2.7913158000000067
            ]
        ],
        "SOFT + RaR": [
            [
                1.3005884000000094,
                1.8290189999999882,
                1.3059372999999823,
                1.2706467000000146,
                1.302099200000015
            ]
        ],
        "KNN + RaR": [
            [
                1.1029149999999959,
                1.1947405999999887,
                1.2193931999999847,
                1.1017608000000223,
                1.161646300000001
            ]
        ]
    },
    "0.5": {
        "RaR-distance": [
            [
                2.4570468999999946,
                2.4002138000000173,
                2.5812229,
                2.3709849999999904,
                2.6834657999999934
            ]
        ],
        "RaR-radius": [
            [
                2.5221604000000184,
                2.5486721999999986,
                2.4149619000000087,
                2.613155699999993,
                2.8039938000000006
            ]
        ],
        "SOFT + RaR": [
            [
                1.2809464999999989,
                1.417147,
                1.234994200000017,
                1.3614324000000124,
                1.3237820999999883
            ]
        ],
        "KNN + RaR": [
            [
                1.0829530000000034,
                1.1509016999999915,
                1.1495385999999996,
                1.15406329999999,
                1.201915100000008
            ]
        ]
    },
    "0.6": {
        "RaR-distance": [
            [
                2.4962270999999987,
                2.938872500000002,
                2.599345900000003,
                2.4323837000000026,
                2.3080016000000114
            ]
        ],
        "RaR-radius": [
            [
                2.6216995999999995,
                3.2397697999999764,
                2.3762055999999916,
                2.589378600000032,
                2.435279900000012
            ]
        ],
        "SOFT + RaR": [
            [
                1.1083465000000388,
                1.2186714999999708,
                1.177243400000009,
                1.381377499999985,
                1.2550689000000261
            ]
        ],
        "KNN + RaR": [
            [
                1.3146988999999962,
                1.1232901000000197,
                1.1516541000000302,
                1.1954625000000192,
                1.185472500000003
            ]
        ]
    },
    "0.7": {
        "RaR-distance": [
            [
                2.329647800000032,
                2.9151246999999785,
                2.650412899999992,
                2.283583799999974,
                2.2342093999999975
            ]
        ],
        "RaR-radius": [
            [
                2.3936413999999786,
                2.9277912000000015,
                2.697355200000004,
                2.2472645000000284,
                2.5882283999999913
            ]
        ],
        "SOFT + RaR": [
            [
                1.2571884000000182,
                1.4002487999999857,
                1.0460448000000042,
                1.0685543000000166,
                1.0992876999999908
            ]
        ],
        "KNN + RaR": [
            [
                1.2043790999999828,
                1.1566710999999827,
                0.9232049000000302,
                0.9243311999999833,
                1.0227580000000103
            ]
        ]
    },