{
    "0.0": {
        "RaR-distance": [
            [
                3.9569617,
                4.1650835000000015,
                4.636602199999999,
                5.174191399999998,
                4.527390199999999
            ]
        ],
        "RaR-radius": [
            [
                4.5640265,
                4.1773101,
                4.429380699999996,
                5.152246600000005,
                4.848879499999995
            ]
        ],
        "SOFT + RaR": [
            [
                4.1737435000000005,
                4.915391100000001,
                5.079482400000003,
                5.3791023,
                5.9600487000000015
            ]
        ],
        "KNN + RaR": [
            [
                3.9010147999999987,
                4.5727157,
                5.717824299999997,
                4.739559599999993,
                6.2284594000000055
            ]
        ]
    },
    "0.1": {
        "RaR-distance": [
            [
                17.5728273,
                13.726393299999984,
                13.85164930000002,
                14.597486300000014,
                14.295315799999997
            ]
        ],
        "RaR-radius": [
            [
                15.253561000000005,
                13.756234199999994,
                14.08471209999999,
                13.912461500000006,
                14.730139399999985
            ]
        ],
        "SOFT + RaR": [
            [
                4.655766899999975,
                4.572256199999998,
                4.633376699999985,
                4.552704899999981,
                4.524250099999961
            ]
        ],
        "KNN + RaR": [
            [
                4.652560599999987,
                4.36858220000002,
                4.836433699999986,
                4.519499599999989,
                4.649880400000029
            ]
        ]
    },
    "0.2": {
        "RaR-distance": [
            [
                15.11257519999998,
                14.582474300000001,
                14.445178499999997,
                11.613958500000024,
                10.950704799999983
            ]
        ],
        "RaR-radius": [
            [
                15.09743450000002,
                14.78037230000001,
                13.064183899999989,
                10.067508199999963,
                10.150144899999987
            ]
        ],
        "SOFT + RaR": [
            [
                4.449214999999981,
                4.183331500000008,
                3.431329500000004,
                2.9889435999999705,
                2.936083099999962
            ]
        ],
        "KNN + RaR": [
            [
                4.630564800000002,
                4.023263500000041,
                3.4107453000000305,
                2.7105252000000064,
                2.992642499999988
            ]
        ]
    },
    "0.3": {
        "RaR-distance": [
            [
                11.108047699999986,
                10.071637099999975,
                10.85057599999999,
                10.088940500000035,
                15.7289442
            ]
        ],
        "RaR-radius": [
            [
                10.599485500000014,
                10.622322199999985,
                10.406192899999951,
                10.86434660000009,
                16.4391028
            ]
        ],
        "SOFT + RaR": [
            [
                2.8578896000000213,
                2.929566399999999,
                2.7913996999999426,
                3.3594626999999946,
                4.49156389999996
            ]
        ],
        "KNN + RaR": [
            [
                2.841842100000008,
                2.761700200000007,
                2.8149526999999352,
                3.345622500000104,
                4.444716999999969
            ]
        ]
    },
    "0.4": {
        "RaR-distance": [
            [
                14.051863499999968,
                13.207473199999981,
                12.485747500000002,
                13.208838700000001,
                15.19065569999998
            ]
        ],
        "RaR-radius": [
            [
                14.769398000000024,
                14.892487599999981,
                15.113595600000053,
                16.59749260000001,
                22.6047456
            ]
        ],
        "SOFT + RaR": [
            [
                3.746862599999986,
                4.550416899999959,
                3.709445300000084,
                4.423055299999987,
                7.503098099999988
            ]
        ],
        "KNN + RaR": [
            [
                3.953879900000061,
                4.226643899999999,
                3.8084150999999338,
                4.245370200000025,
                5.000160800000003
            ]
        ]
    },
    "0.5": {
        "RaR-distance": [
            [
                12.250524200000086,
                12.586931800000002,
                10.851230399999963,
                12.09931240000003,
                11.323984799999948
            ]
        ],
        "RaR-radius": [
            [
                15.717611499999975,
                15.651294300000018,
                15.568911800000024,
                17.392045499999995,
                15.357538500000032
            ]
        ],
        "SOFT + RaR": [
            [
                4.384415900000022,
                4.641530499999931,
                3.9402390999999852,
                4.315392599999996,
                4.698804900000027
            ]
        ],
        "KNN + RaR": [
            [
                4.314048599999978,
                3.7740515000000414,
                4.552159299999971,
                3.8911878000000115,
                4.118752299999983
            ]
        ]
    },
    "0.6": {
        "RaR-distance": [
            [
                8.438595999999961,
                7.975857099999985,
                8.048351800000091,
                8.673596699999962,
                7.687806500000079
            ]
        ],
        "RaR-radius": [
            [
                15.914777999999956,
                16.475734099999954,
                16.59832520000009,
                14.959320299999945,
                13.576558200000136
            ]
        ],
        "SOFT + RaR": [
            [
                3.9784510000000637,
                3.742731000000049,
                3.8186123999998927,
                3.196224999999913,
                3.1351442999998653
            ]
        ],
        "KNN + RaR": [
            [
                3.715434899999991,
                3.9818487000000005,
                3.518687500000169,
                3.6685196999999334,
                3.3050954000000274
            ]
        ]
    },
    "0.7": {
        "RaR-distance": [
            [
                6.865351099999998,
                7.852898399999958,
                6.670454500000005,
                7.654625200000055,
                8.13656130000004
            ]
        ],
        "RaR-radius": [
            [
                15.056519399999843,
                13.351150799999914,
                14.420957099999896,
                15.815100799999982,
                13.728406999999834
            ]
        ],
        "SOFT + RaR": [
            [
                3.106232000000091,
                3.119163999999955,
                3.253002499999866,
                3.3423199999999724,
                4.182755199999974
            ]
        ],
        "KNN + RaR": [
            [
                2.692647900000111,
                2.899603599999864,
                3.0117771000000175,
                3.0452942000001713,
                3.0974610999999186
            ]
        ]
    },
    "0.8": {
        "RaR-distance": [
            [
                7.054027200000064,
                6.902125099999921,
                7.7645491000000675,
                6.8589271000000736,
                7.0016992999999275
            ]
        ],