{
    "0.0": {
        "RaR-alpha-AS-50": [
            [
                0.33855219999999997,
                0.4172880000000001,
                0.3697322000000014,
                0.49770110000000045,
                0.4163806000000001
            ]
        ],
        "RaR-alpha-AS-145": [
            [
                0.645506,
                0.7538153999999997,
                0.7547143999999992,
                0.8083801000000008,
                0.8669143000000012
            ]
        ],
        "RaR-alpha-AS-290": [
            [
                1.2461153,
                1.2843201999999998,
                1.2052086000000006,
                1.5327141999999974,
                1.2836292
            ]
        ],
        "RaR-alpha-50": [
            [
                0.41630400000000023,
                0.39033470000000037,
                0.37917839999999714,
                0.4450339999999997,
                0.43128449999999674
            ]
        ],
        "RaR-alpha-145": [
            [
                0.8060575000000001,
                0.6600865999999996,
                0.9725940999999985,
                0.7859625999999977,
                0.7477989000000065
            ]
        ],
        "RaR-alpha-290": [
            [
                1.2724349000000004,
                1.2646729000000008,
                1.3749448000000015,
                1.4657078000000006,
                1.2283187999999967
            ]
        ],
        "RaR-alpha-580": [
            [
                2.0872918,
                2.5438591000000006,
                2.4096109000000006,
                2.266338400000002,
                2.282917700000006
            ]
        ]
    },
    "0.1": {
        "RaR-alpha-AS-50": [
            [
                0.3755148000000048,
                0.4921130999999974,
                0.6924655999999985,
                0.6320705999999987,
                0.7337100999999961
            ]
        ],
        "RaR-alpha-AS-145": [
            [
                0.7545083999999989,
                0.9170151000000004,
                1.1161361999999997,
                0.9909119999999945,
                1.1142514999999946
            ]
        ],
        "RaR-alpha-AS-290": [
            [
                1.3415919999999986,
                1.7452630000000013,
                2.1704223000000056,
                1.405115600000002,
                2.1953491000000014
            ]
        ],
        "RaR-alpha-50": [
            [
                0.5919835999999989,
                0.6496440999999962,
                0.5830682999999937,
                0.5303629999999941,
                0.5147124000000076
            ]
        ],
        "RaR-alpha-145": [
            [
                0.9604268000000005,
                0.8487375999999998,
                0.8312983000000003,
                0.8800394999999952,
                0.845747099999997
            ]
        ],
        "RaR-alpha-290": [
            [
                1.3943000000000012,
                1.4500525999999994,
                1.4879798999999991,
                1.471255499999998,
                1.532036699999992
            ]
        ],
        "RaR-alpha-580": [
            [
                2.805848300000001,
                3.1053104999999945,
                2.508427900000001,
                2.847658299999992,
                2.528334199999989
            ]
        ]
    },
    "0.2": {
        "RaR-alpha-AS-50": [
            [
                0.5204844999999949,
                0.4718281000000104,
                0.5513710000000032,
                0.5250549000000007,
                0.5205690000000089
            ]
        ],
        "RaR-alpha-AS-145": [
            [
                0.9263430000000028,
                0.9479165999999992,
                0.9259231999999997,
                0.9172770999999926,
                0.8823713000000026
            ]
        ],
        "RaR-alpha-AS-290": [
            [
                1.4906059000000056,
                1.5676773999999938,
                1.641005199999995,
                1.8049686000000094,
                1.470266499999994
            ]
        ],
        "RaR-alpha-50": [
            [
                0.4872633000000093,
                0.4915440999999987,
                0.4982326000000086,
                0.47520380000000273,
                0.47210729999999046
            ]
        ],
        "RaR-alpha-145": [
            [
                0.8566722999999996,
                1.0923513999999983,
                0.8563343000000003,
                0.8240963000000079,
                0.8365091000000007
            ]
        ],
        "RaR-alpha-290": [
            [
                1.3508149999999972,
                1.5169793999999968,
                1.408084500000001,
                1.3833778999999993,
                1.4014808000000016
            ]
        ],
        "RaR-alpha-580": [
            [
                2.4951195000000013,
                2.4489142000000044,
                2.394208700000007,
                2.4646647,
                2.5829688999999973
            ]
        ]
    },
    "0.3": {
        "RaR-alpha-AS-50": [
            [
                0.5681390000000022,
                0.5250866000000087,
                0.6338733000000047,
                0.5744052000000011,
                0.5435243000000014
            ]
        ],
        "RaR-alpha-AS-145": [
            [
                0.965972800000003,
                0.962670299999985,
                1.1414211999999964,
                0.9934178999999972,
                1.0070796999999914
            ]
        ],
        "RaR-alpha-AS-290": [
            [
                1.6319962999999973,
                1.5716872999999794,
                1.8037892000000113,
                1.7597871000000112,
                1.6467927999999858
            ]
        ],
        "RaR-alpha-50": [
            [
                0.46141380000000254,
                0.5230167999999935,
                0.46019830000000184,
                0.49836650000000304,
                0.48652020000000107
            ]
        ],
        "RaR-alpha-145": [
            [
                0.8644256999999982,
                0.9044949000000031,
                0.9964539000000059,
                0.8622349000000042,
                0.8881269999999972
            ]
        ],
        "RaR-alpha-290": [
            [
                1.4647322999999943,
                1.4874858000000017,
                1.4714409000000046,
                1.494082899999995,
                1.4546670999999947
            ]
        ],
        "RaR-alpha-580": [
            [
                2.692533400000002,
                3.213097900000008,
                2.7293037000000027,
                2.650783400000023,
                2.5869921000000033
            ]
        ]
    },
    "0.4": {
        "RaR-alpha-AS-50": [
            [
                0.48382429999998067,
                0.5455307000000005,
                0.5206632000000013,
                0.5288498000000175,
                0.5473668999999859
            ]
        ],
        "RaR-alpha-AS-145": [
            [
                0.9421914000000129,
                0.9810726999999986,
                0.9714499000000103,
                0.987823800000001,
                1.0045262999999807
            ]
        ],
        "RaR-alpha-AS-290": [
            [
                1.8109077000000013,
                1.783153700000014,
                1.6432264999999973,
                1.8043721999999889,
                1.8933286999999837
            ]
        ],
        "RaR-alpha-50": [
            [
                0.5081401000000199,
                0.5178674999999942,
                0.5125834000000111,
                0.5234523000000024,
                0.5537412999999844
            ]
        ],