{
    "0.0": {
        "RaR-alpha-AS-50": [
            [
                0.5831333000000001,
                0.6170704999999987,
                0.5979116000000033,
                0.6679523000000032,
                0.6139049000000014
            ]
        ],
        "RaR-alpha-AS-145": [
            [
                1.4743926,
                1.489513200000001,
                1.4758156999999983,
                1.5165360999999962,
                1.389355000000002
            ]
        ],
        "RaR-alpha-AS-290": [
            [
                3.2592006999999996,
                2.825471499999999,
                2.7942773999999986,
                2.4914986,
                2.59438269999999
            ]
        ],
        "RaR-alpha-50": [
            [
                0.6855492999999999,
                0.576681599999997,
                0.5882183000000012,
                0.5639187000000021,
                0.5581939000000062
            ]
        ],
        "RaR-alpha-145": [
            [
                1.6540417000000005,
                1.8641956000000022,
                1.3393966000000006,
                1.5279001999999977,
                1.3710420999999968
            ]
        ],
        "RaR-alpha-290": [
            [
                3.0639260999999998,
                3.6671838,
                2.4270057999999963,
                2.5686865999999995,
                2.421082499999997
            ]
        ],
        "RaR-alpha-580": [
            [
                5.1916934,
                5.0160628,
                5.126810200000001,
                5.103845,
                5.130205899999993
            ]
        ]
    },
    "0.1": {
        "RaR-alpha-AS-50": [
            [
                0.7804092000000082,
                0.9100412000000091,
                0.7033248999999984,
                0.7479644000000008,
                0.7525466999999821
            ]
        ],
        "RaR-alpha-AS-145": [
            [
                1.468384499999999,
                1.7958911000000057,
                1.5750055000000032,
                1.4858681999999988,
                1.4937032999999929
            ]
        ],
        "RaR-alpha-AS-290": [
            [
                2.7440037000000075,
                3.1744958000000025,
                2.7799593999999956,
                2.643510699999993,
                2.7980838999999946
            ]
        ],
        "RaR-alpha-50": [
            [
                0.6600921,
                0.6398102999999935,
                0.7179906000000074,
                0.6502856999999977,
                0.6057167000000163
            ]
        ],
        "RaR-alpha-145": [
            [
                1.3951805999999891,
                1.5709164000000015,
                1.4675759,
                1.3733430999999996,
                1.3783704999999884
            ]
        ],
        "RaR-alpha-290": [
            [
                2.6844344000000007,
                2.6171205999999927,
                2.5825583000000023,
                2.3826628000000056,
                2.5249644999999816
            ]
        ],
        "RaR-alpha-580": [
            [
                5.054564099999993,
                5.085984400000001,
                4.904405699999998,
                4.835231099999987,
                4.851694299999991
            ]
        ]
    },
    "0.2": {
        "RaR-alpha-AS-50": [
            [
                0.6956378000000143,
                0.8810027000000105,
                0.8039822000000072,
                0.7302966000000026,
                0.8095500000000015
            ]
        ],
        "RaR-alpha-AS-145": [
            [
                1.4327298000000042,
                1.666395399999999,
                1.7081045000000188,
                1.4237857999999903,
                1.4525074000000018
            ]
        ],
        "RaR-alpha-AS-290": [
            [
                2.7902554000000066,
                2.8810277999999983,
                3.2380071999999984,
                2.7908045000000072,
                2.8488443000000245
            ]
        ],
        "RaR-alpha-50": [
            [
                0.622370200000006,
                0.9016981000000044,
                1.1998604999999998,
                0.6721392000000037,
                0.6580058000000122
            ]
        ],
        "RaR-alpha-145": [
            [
                1.2427356000000032,
                1.5531822999999747,
                1.8905024999999966,
                1.8906385999999884,
                1.3454935999999975
            ]
        ],
        "RaR-alpha-290": [
            [
                2.685465999999991,
                2.7041383999999766,
                4.023817699999995,
                3.1848937000000035,
                2.7933233999999914
            ]
        ],
        "RaR-alpha-580": [
            [
                5.4642901999999935,
                6.513763600000004,
                5.291816399999988,
                6.3718127999999865,
                5.123897800000009
            ]
        ]
    },
    "0.3": {
        "RaR-alpha-AS-50": [
            [
                0.710028699999981,
                0.6991036999999949,
                0.6417319000000248,
                0.6284352999999783,
                0.6291314000000057
            ]
        ],
        "RaR-alpha-AS-145": [
            [
                1.504778000000016,
                1.5507312000000013,
                1.4594721999999933,
                1.2600178999999798,
                1.3033939000000032
            ]
        ],
        "RaR-alpha-AS-290": [
            [
                2.6709525999999926,
                2.7675141999999937,
                2.600873100000001,
                2.520697200000029,
                2.4570334000000003
            ]
        ],
        "RaR-alpha-50": [
            [
                0.5366236000000129,
                0.6658396999999923,
                0.549302100000034,
                0.5913840999999707,
                0.6918764000000124
            ]
        ],
        "RaR-alpha-145": [
            [
                1.3308610999999928,
                1.398026499999986,
                1.3594700000000444,
                1.2788401999999905,
                1.3014413000000218
            ]
        ],
        "RaR-alpha-290": [
            [
                2.332473099999987,
                2.6640740999999935,
                2.7426090999999815,
                2.589666599999987,
                2.441844700000047
            ]
        ],
        "RaR-alpha-580": [
            [
                4.168754199999995,
                4.612594899999976,
                4.994307700000036,
                4.533117300000015,
                4.416293900000028
            ]
        ]
    },
    "0.4": {
        "RaR-alpha-AS-50": [
            [
                0.596398899999997,
                0.6238184999999703,
                0.5056002999999691,
                0.6878305999999839,
                0.5966847999999914
            ]
        ],
        "RaR-alpha-AS-145": [
            [
                1.302340700000002,
                1.0944481000000224,
                1.2139943000000244,
                1.3725310000000377,
                1.0619057000000112
            ]
        ],
        "RaR-alpha-AS-290": [
            [
                2.058179300000006,
                2.212443099999973,
                2.233138599999961,
                2.4826419999999985,
                2.2083468000000153
            ]
        ],
        "RaR-alpha-50": [
            [
                0.514842500000043,
                0.5801422999999772,
                0.6028735999999526,
                0.6242016999999578,
                0.5168499999999767
            ]
        ],